,city,state,pop,latitude,longitude,count,count_pop
0,Brooklyn,NY,2300664,40.6501,-73.94958,221,9.605922464123401e-05
1,Atlanta,GA,463878,33.749,-84.38798,153,0.0003298281013542354
2,Queens,NY,2272771,40.68149,-73.83652,12,5.2798984147545e-06
3,Pittsburgh,PA,304391,40.44062,-79.99589,63,0.0002069706397363917
4,Boone,NC,18156,36.21679,-81.67455,6,0.00033046926635822867
5,Baltimore,MD,621849,39.29038,-76.61219,52,8.362158659095696e-05
6,Austin,TX,931830,30.26715,-97.74306,143,0.00015346146829357286
7,Los Angeles,CA,3971883,34.05223,-118.24368,450,0.00011329638863984664
8,Boulder,CO,107349,40.01499,-105.27055,13,0.00012110033628631846
9,Lansing,IL,28349,41.56476,-87.53893,1,3.527461286112385e-05
10,Okemos,MI,21369,42.72226,-84.42747,1,4.6796761664092844e-05
11,Nederland,CO,1520,39.96138,-105.51083,1,0.0006578947368421052
12,Delray Beach,FL,66255,26.46146,-80.07282,12,0.0001811184061580258
13,Boston,MA,667137,42.35843,-71.05977,327,0.0004901541962145707
14,Jacksonville,FL,868031,30.33218,-81.65565,17,1.9584554007863776e-05
15,Columbus,OH,850106,39.96118,-82.99879,78,9.175326371064314e-05
16,Chicago,IL,2720546,41.85003,-87.65005,456,0.00016761341289579372
17,Mesa,AZ,471825,33.42227,-111.82264,25,5.298574683410163e-05
18,Detroit,MI,677116,42.33143,-83.04575,61,9.008796129466738e-05
19,Arlington,VA,207627,38.88101,-77.10428,64,0.000308245074099226
20,Buffalo,NY,258071,42.88645,-78.87837,40,0.00015499610572284372
21,Largo,FL,81000,27.90979,-82.78842,5,6.17283950617284e-05
22,Lansing,MI,115056,42.73253,-84.55553,10,8.691419830343485e-05
23,Dallas,TX,1300092,32.78306,-96.80667,78,5.999575414662962e-05
24,Clearwater,FL,113003,27.96585,-82.8001,5,4.424661292178084e-05
25,Whitefish,MT,7073,48.41108,-114.33763,1,0.0001413827230312456
26,Redfield,AR,1541,34.4451,-92.1832,3,0.001946787800129786
27,Laurel,MD,26215,39.09928,-76.84831,6,0.00022887659736791914
28,Hayward,CA,158289,37.66882,-122.0808,5,3.15877919501671e-05
29,Dallas,GA,12870,33.92371,-84.84077,1,7.77000777000777e-05
30,Seattle,WA,684451,47.60621,-122.33207,269,0.0003930157162455749
31,Wichita,KS,389965,37.69224,-97.33754,123,0.0003154129216724578
32,Rochester,NY,209802,43.15478,-77.61556,27,0.00012869276746646838
33,Albuquerque,NM,559121,35.08449,-106.65114,39,6.975234341046035e-05
34,Berkeley,CA,120972,37.87159,-122.27275,61,0.0005042489171047846
35,Tampa,FL,369075,27.94752,-82.45843,43,0.00011650748492853757
36,Lincoln,NE,277348,40.8,-96.66696,7,2.5239049857940205e-05
37,New York City,NY,8175133,40.71427,-74.00597,171,2.0917090890142092e-05
38,Scottsdale,AZ,236839,33.50921,-111.89903,13,5.4889608552645466e-05
39,Charlotte,NC,827097,35.22709,-80.84313,32,3.8689537019237166e-05
40,Long Beach,CA,474140,33.76696,-118.18923,12,2.5308980469903403e-05
41,Phoenix,AZ,1563025,33.44838,-112.07404,78,4.990323251387534e-05
42,San Francisco,CA,864816,37.77493,-122.41942,453,0.0005238108453127602
43,Salt Lake City,UT,192672,40.76078,-111.89105,30,0.00015570503238664674
44,Huntsville,AL,190582,34.7304,-86.58594,13,6.82121081739094e-05
45,Los Gatos,CA,30705,37.22661,-121.97468,46,0.00149812734082397
46,San Diego,CA,1394928,32.71533,-117.15726,179,0.0001283220352591675
47,Fresno,CA,520052,36.74773,-119.77237,68,0.0001307561551537154
48,Minneapolis,MN,410939,44.97997,-93.26384,74,0.0001800753883179742
49,Roswell,NM,48544,33.39437,-104.52491,2,4.119973632168754e-05
50,Fall River,MA,88777,41.70149,-71.15505,12,0.0001351701454205481
51,Cleveland,OH,388072,41.4995,-81.69541,52,0.0001339957533653549
52,Syracuse,NY,144142,43.04812,-76.14742,15,0.00010406404795271329
53,Oklahoma City,OK,631346,35.46756,-97.51643,22,3.4846185768184166e-05
54,Davis,CA,67666,38.54491,-121.74052,2,2.9556941447698994e-05
55,Thousand Oaks,CA,129339,34.17056,-118.83759,4,3.0926480025359714e-05
56,Seminole,FL,18153,27.83975,-82.79121,1,5.508731339172588e-05
57,Jupiter,FL,62707,26.93422,-80.09421,10,0.0001594718293013539
58,Norman,OK,120284,35.22257,-97.43948,16,0.00013301852282930399
59,Hudson,FL,12158,28.36445,-82.69343,10,0.0008225037012666557
60,Kirkland,WA,87281,47.68149,-122.20874,1,1.1457247281768083e-05
61,Raleigh,NC,451066,35.7721,-78.63861,48,0.000106414582344934
62,Cambridge,MA,110402,42.3751,-71.10561,28,0.00025361859386605317
63,Dedham,MA,24729,42.24177,-71.16616,2,8.087670346556674e-05
64,Hamilton,NY,4176,42.82701,-75.54462,2,0.0004789272030651341
65,Fort Stewart,GA,4924,31.87217,-81.61001,1,0.00020308692120227456
66,Chino Hills,CA,78309,33.9938,-117.75888,45,0.0005746465923457074
67,Springfield,IL,116565,39.80172,-89.64371,8,6.863123579118947e-05
68,Cedar Rapids,IA,130405,42.00833,-91.64407,4,3.067367048809478e-05
69,Pawtucket,RI,71591,41.87871,-71.38256,2,2.793647246162227e-05
70,Bethlehem,PA,74892,40.62593,-75.37046,38,0.0005073973188057469
71,Murfreesboro,TN,126118,35.84562,-86.39027,56,0.0004440286081288952
72,Vienna,VA,16522,38.90122,-77.26526,1,6.052536012589275e-05
73,Houston,TX,2296224,29.76328,-95.36327,147,6.401814457126134e-05
74,Stockton,CA,305658,37.9577,-121.29078,6,1.962978230571423e-05
75,San Mateo,CA,103536,37.56299,-122.32553,4,3.863390511512904e-05
76,McAllen,TX,140269,26.20341,-98.23001,3,2.1387476919347825e-05
77,Fort Myers,FL,74013,26.62168,-81.84059,5,6.755569967438153e-05
78,Miami,FL,441003,25.77427,-80.19366,126,0.00028571234209291094
79,Tucson,AZ,531641,32.22174,-110.92648,46,8.652455322294556e-05
80,Lawton,OK,96655,34.60869,-98.39033,3,3.10382287517459e-05
81,Alexandria,VA,153511,38.80484,-77.04692,7,4.559933815817759e-05
82,Louisville,KY,243639,38.25424,-85.75941,24,9.850639675913955e-05
83,Warrensburg,MO,19927,38.76279,-93.73605,17,0.0008531138656094746
84,Athens,GA,116714,33.96095,-83.37794,10,8.567952430728104e-05
85,Cincinnati,OH,296943,39.12711,-84.51439,59,0.0001986913313329494
86,Sycamore,IL,17712,41.98892,-88.68675,4,0.00022583559168925022
87,Winterset,IA,5176,41.33082,-94.01384,3,0.000579598145285935
88,Bridgeport,CT,147629,41.16704,-73.20483,2,1.3547473734835297e-05
89,Batavia,IL,26495,41.85003,-88.31257,1,3.7742970371768255e-05
90,Charleston,SC,132609,32.77657,-79.93092,22,0.00016590125858727538
91,Amherst,MA,39833,42.36723,-72.51852,8,0.00020083850074059198
92,Lewisburg,PA,5774,40.96453,-76.88441,1,0.00017319016279875303
93,New Hartford,NY,1844,43.0734,-75.28767,1,0.0005422993492407809
94,Laramie,WY,32158,41.31137,-105.5911,6,0.00018657876733627713
95,Brimfield,MA,3397,42.12287,-72.20091,2,0.0005887547836326171
96,Palo Alto,CA,66853,37.44188,-122.14302,3,4.4874575561306146e-05
97,Kingman,KS,3086,37.64585,-98.11367,5,0.0016202203499675956
98,Monmouth,IL,9291,40.91143,-90.64736,2,0.00021526208158432892
99,Asheville,NC,88512,35.60095,-82.55402,17,0.0001920643528561099
100,Manhattan,NY,1487536,40.78343,-73.96625,65,4.3696421464757825e-05
101,Clackamas,OR,6767,45.40762,-122.57037,1,0.00014777597162701344
102,Springfield,MO,166810,37.21533,-93.29824,9,5.395359990408249e-05
103,Media,PA,5363,39.91678,-75.38769,6,0.0011187768040275966
104,Manchester,NH,110229,42.99564,-71.45479,10,9.072022788921246e-05
105,Flint,MI,98310,43.01253,-83.68746,7,7.120333638490489e-05
106,Riverside,CA,322424,33.95335,-117.39616,21,6.513162791851723e-05
107,Linden,MI,3839,42.81447,-83.78245,1,0.00026048450117218026
108,McHenry,IL,26657,42.33335,-88.26675,2,7.502719735904265e-05
109,Philadelphia,PA,1567442,39.95233,-75.16379,106,6.762610673951572e-05
110,San Antonio,TX,1469845,29.42412,-98.49363,46,3.129581690586423e-05
111,St. Louis,MO,315685,38.62727,-90.19789,58,0.0001837274498313192
112,Santa Monica,CA,93220,34.01945,-118.49119,19,0.00020381892297790174
113,Oakland,CA,419267,37.80437,-122.2708,74,0.00017649850811058348
114,Irvine,CA,256927,33.66946,-117.82311,11,4.2813717515091834e-05
115,Vancouver,WA,172860,45.63873,-122.66149,12,6.942034015966679e-05
116,Kansas City,MO,475378,39.09973,-94.57857,33,6.941844174530584e-05
117,Honolulu,HI,371657,21.30694,-157.85833,28,7.533828234097569e-05
118,Provincetown,MA,2642,42.05844,-70.17864,6,0.002271006813020439
119,Portland,OR,632309,45.52345,-122.67621,114,0.00018029159793708457
120,Anchorage,AK,298695,61.21806,-149.90028,16,5.356634694253335e-05
121,Pensacola,FL,53193,30.42131,-87.21691,3,5.6398398285488694e-05
122,Midland,MI,42200,43.61558,-84.24721,5,0.00011848341232227489
123,Miami Beach,FL,92312,25.79065,-80.13005,16,0.00017332524482190832
124,Sacramento,CA,490712,38.58157,-121.4944,82,0.00016710412624920524
125,Olympia,WA,50302,47.03787,-122.9007,5,9.939962625740527e-05
126,Hoboken,NJ,53635,40.74399,-74.03236,1,1.864454181038501e-05
127,Newark,DE,33817,39.68372,-75.74966,2,5.914185173137771e-05
128,Peoria,IL,115070,40.69365,-89.58899,5,4.345181194055792e-05
129,Richmond,VA,220289,37.55376,-77.46026,11,4.9934404350648464e-05
130,Tulsa,OK,403505,36.15398,-95.99277,17,4.2130828614267483e-05
131,Woodstock,IL,25189,42.31474,-88.4487,4,0.00015879947596172933
132,Redondo Beach,CA,68166,33.84918,-118.38841,21,0.00030807147258163895
133,Winter Haven,FL,37689,28.02224,-81.73286,5,0.00013266470322905886
134,St. Petersburg,FL,257083,27.77086,-82.67927,8,3.1118354772583174e-05
135,Evansville,IN,119943,37.97476,-87.55585,8,6.66983483821482e-05
136,Albany,NY,98469,42.65258,-73.75623,9,9.139932364500503e-05
137,Crawfordsville,IN,16024,40.04115,-86.87445,1,6.240639041437844e-05
138,Silver Spring,MD,71452,38.99067,-77.02609,6,8.397245703409282e-05
139,Liberty,MO,30450,39.24611,-94.41912,1,3.284072249589491e-05
140,Shelby,NC,20189,35.29235,-81.53565,1,4.9531923324582696e-05
141,Denver,CO,682545,39.73915,-104.9847,83,0.00012160370378509842
142,Triangle,VA,8188,38.54679,-77.33665,1,0.00012212994626282364
143,Olathe,KS,134305,38.8814,-94.81913,9,6.701165258181005e-05
144,LaBelle,FL,4753,26.76173,-81.43841,6,0.0012623606143488324
145,Chesapeake,VA,235429,36.81904,-76.27494,62,0.0002633490351655913
146,Lexington,KY,225366,37.98869,-84.47772,16,7.099562489461586e-05
147,Monroe,LA,49598,32.50931,-92.1193,8,0.0001612968264849389
148,Grayson,GA,3147,33.89427,-83.95574,7,0.0022243406418811567
149,Eureka,CA,27017,40.80207,-124.16367,3,0.00011104119628382129
150,Tipton,IA,3200,41.76974,-91.12793,2,0.000625
151,Knoxville,TN,185291,35.96064,-83.92074,10,5.3969162020821304e-05
152,Hilton Head Island,SC,40512,32.19382,-80.73816,1,2.4684044233807267e-05
153,Pine Bush,NY,1780,41.60815,-74.29904,3,0.0016853932584269663
154,Annapolis,MD,39474,38.97845,-76.49218,9,0.00022799817601459188
155,New Haven,CT,130322,41.30815,-72.92816,20,0.00015346603029419437
156,Kansas City,KS,151306,39.11417,-94.62746,11,7.270035557082997e-05
157,Indianapolis,IN,829718,39.76838,-86.15804,55,6.628758204594814e-05
158,Boise,ID,145987,43.6135,-116.20345,33,0.00022604752477960367
159,Frisco,CO,3035,39.57443,-106.09752,1,0.00032948929159802305
160,Eugene,OR,163460,44.05207,-123.08675,17,0.00010400097883274196
161,Sanford,FL,58111,28.80055,-81.27312,2,3.4416891810500594e-05
162,Kalamazoo,MI,76041,42.29171,-85.58723,4,5.260320090477505e-05
163,Troy,NY,49906,42.72841,-73.69179,7,0.00014026369574800625
164,West Haven,CT,54927,41.27065,-72.94705,1,1.820598248584485e-05
165,Santa Cruz,CA,64220,36.97412,-122.0308,6,9.342883836810962e-05
166,Bozeman,MT,43405,45.67965,-111.03856,3,6.911646123718466e-05
167,Little Rock,AR,197992,34.74648,-92.28959,6,3.0304254717362318e-05
168,Leawood,KS,34579,38.96667,-94.6169,1,2.8919286272014807e-05
169,Tucker,GA,27581,33.85455,-84.21714,4,0.0001450273739168268
170,Ansonia,CT,18854,41.34621,-73.079,1,5.303914288745094e-05
171,Rocky River,OH,20376,41.4756,-81.8393,2,9.815469179426777e-05
172,Hartford,CT,124006,41.76371,-72.68509,10,8.064125929390513e-05
173,Farmington,MO,18181,37.78088,-90.42179,3,0.00016500742533414003
174,Friday Harbor,WA,2340,48.53427,-123.01712,2,0.0008547008547008547
175,Las Vegas,NV,623747,36.17497,-115.13722,54,8.657356267845777e-05
176,Glen Ellyn,IL,28201,41.87753,-88.06701,1,3.545973547037339e-05
177,Tempe,AZ,175826,33.41477,-111.90931,17,9.66864968775949e-05
178,New Rochelle,NY,79846,40.91149,-73.78235,2,2.5048217819302158e-05
179,Montgomery,AL,200602,32.36681,-86.29997,7,3.489496615188283e-05
180,Forney,TX,18418,32.74818,-96.47193,1,5.42947116950809e-05
181,Aurora,CO,359407,39.72943,-104.83192,4,1.1129443778223573e-05
182,Moyock,NC,3759,36.5246,-76.17827,3,0.0007980845969672786
183,Hudson,NY,6436,42.25286,-73.79096,5,0.0007768800497203232
184,Somerville,MA,80318,42.3876,-71.0995,8,9.960407380661868e-05
185,Napa,CA,80434,38.29714,-122.28553,3,3.729766019345053e-05
186,San Marcos,TX,60684,29.88327,-97.94139,1,1.6478808252587174e-05
187,Harlem,NY,181259,40.80788,-73.94542,4,2.2067869733364966e-05
188,East Aurora,NY,6236,42.76784,-78.61336,1,0.00016035920461834508
189,Durham,NC,257636,35.99403,-78.89862,36,0.00013973202502755826
190,Tolland,CT,14891,41.87149,-72.36869,2,0.00013430931435095024
191,Las Cruces,NM,101643,32.31232,-106.77834,2,1.9676711627952735e-05
192,Watertown,NY,26780,43.97478,-75.91076,1,3.734129947722181e-05
193,Lakewood,CO,152597,39.70471,-105.08137,3,1.965962633603544e-05
194,Johnson City,TN,66027,36.31344,-82.35347,3,4.5435958017174794e-05
195,Ordway,CO,1032,38.21806,-103.75606,1,0.0009689922480620155
196,Fort Wayne,IN,260326,41.1306,-85.12886,11,4.225471140032114e-05
197,Aloha,OR,49425,45.49428,-122.86705,29,0.0005867475973697522
198,Upper Saddle River,NJ,8379,41.05843,-74.09848,1,0.00011934598400763814
199,Bloomington,IL,78292,40.4842,-88.99369,2,2.5545394165431973e-05
200,Fort Lauderdale,FL,178590,26.12231,-80.14338,8,4.4795341284506414e-05
201,Sedona,AZ,10388,34.86974,-111.76099,1,9.626492106276473e-05
202,Champaign,IL,86096,40.11642,-88.24338,9,0.00010453447314625534
203,Stanford,CA,13809,37.42411,-122.16608,7,0.0005069157795640525
204,Manchester,CT,30577,41.77593,-72.52148,2,6.54086404814076e-05
205,Boston,NY,8049,42.62895,-78.73753,7,0.0008696732513355696
206,Flemington,NJ,4641,40.51233,-74.85933,8,0.0017237664296487825
207,Santa Clara,CA,126215,37.35411,-121.95524,1,7.922988551281543e-06
208,Missoula,MT,71022,46.87215,-113.994,6,8.448086508405846e-05
209,Salem,OR,164549,44.9429,-123.0351,7,4.254051984515251e-05
210,Scarborough,ME,4403,43.57814,-70.32172,2,0.0004542357483533954
211,Seal Beach,CA,24619,33.74141,-118.10479,1,4.0619034079369594e-05
212,Tenafly,NJ,14880,40.92538,-73.96292,2,0.00013440860215053763
213,Bellflower,CA,78441,33.88168,-118.11701,1,1.2748435129587844e-05
214,Surprise,AZ,128422,33.63059,-112.33322,2,1.5573655604179968e-05
215,Milwaukee,WI,600155,43.0389,-87.90647,29,4.8320850446967865e-05
216,Omaha,NE,443885,41.25626,-95.94043,26,5.8573729682237514e-05
217,Elgin,IL,112111,42.03725,-88.28119,1,8.919731337692109e-06
218,Kennewick,WA,78896,46.21125,-119.13723,1,1.2674913810586089e-05
219,Jamestown,NY,30075,42.097,-79.23533,10,0.00033250207813798836
220,Corvallis,OR,55780,44.56457,-123.26204,3,5.378271782000717e-05
221,Hendersonville,NC,13814,35.31873,-82.46095,2,0.00014478065730418415
222,Nashville,TN,530852,36.16589,-86.78444,50,9.418821065004935e-05
223,Madison,WI,248951,43.07305,-89.40123,23,9.238765861555085e-05
224,West Pensacola,FL,21339,30.42659,-87.27969,1,4.686255213458925e-05
225,Hollywood,CA,167664,34.09834,-118.32674,9,5.3678786143716006e-05
226,New Orleans,LA,389617,29.95465,-90.07507,58,0.00014886414093840875
227,Wakefield,MA,24932,42.50648,-71.07283,1,4.010909674314134e-05
228,Wilmette,IL,27413,42.07225,-87.72284,1,3.647904278991719e-05
229,China,ME,4269,44.47868,-69.51726,12,0.0028109627547434997
230,The Woodlands,TX,93847,30.15799,-95.48938,7,7.458949140622502e-05
231,Happy Valley,OR,18493,45.44679,-122.53037,1,5.407451468123074e-05
232,Palm Springs,CA,47371,33.8303,-116.54529,4,8.443984716387663e-05
233,Elmwood Park,NJ,20279,40.90399,-74.11848,1,4.9312096257211896e-05
234,Harrisburg,PA,49081,40.2737,-76.88442,6,0.00012224689798496363
235,Fairfax,VA,24013,38.84622,-77.30637,4,0.00016657643776287845
236,Orlando,FL,270934,28.53834,-81.37924,19,7.012778019739125e-05
237,Donna,TX,16523,26.17035,-98.05195,1,6.0521697028384676e-05
238,Taunton,MA,56789,41.9001,-71.08977,6,0.00010565426403000581
239,Virginia Beach,VA,452745,36.85293,-75.97799,5,1.104374427105766e-05
240,Lebanon,PA,25534,40.34093,-76.41135,1,3.9163468316754135e-05
241,Chapel Hill,NC,59568,35.9132,-79.05584,13,0.00021823798012355627
242,Gainesville,FL,130128,29.65163,-82.32483,7,5.3793188245419894e-05
243,Medford,MA,57403,42.41843,-71.10616,3,5.226207689493581e-05
244,San Jose,CA,1026908,37.33939,-121.89496,40,3.89518827392522e-05
245,Memphis,TN,655770,35.14953,-90.04898,22,3.354834774387361e-05
246,Jackson Heights,NY,67067,40.75566,-73.88541,6,8.946277602994021e-05
247,Gorham,ME,6882,43.67952,-70.44422,1,0.00014530659691950015
248,Warsaw,IN,14472,41.2381,-85.85305,1,6.909894969596462e-05
249,Oxford,OH,22104,39.507,-84.74523,4,0.00018096272167933406
250,Alamo Heights,TX,8038,29.48495,-98.46585,1,0.0001244090569793481
251,Bothell,WA,42939,47.76232,-122.2054,1,2.3288851626726287e-05
252,Columbia,MO,119108,38.95171,-92.33407,15,0.00012593612519729992
253,Apopka,FL,48382,28.67617,-81.51186,2,4.133768756975735e-05
254,Charlottesville,VA,46597,38.02931,-78.47668,6,0.0001287636543125094
255,Charleston,IL,21196,39.49615,-88.17615,4,0.0001887148518588413
256,Lubbock,TX,249042,33.57786,-101.85517,4,1.6061547851366436e-05
257,Inglis,FL,1311,29.03025,-82.66872,1,0.0007627765064836003
258,Aliso Viejo,CA,50195,33.56504,-117.72712,2,3.9844606036457814e-05
259,Staten Island,NY,468730,40.56233,-74.13986,4,8.533697437757345e-06
260,Brown City,MI,1274,43.21225,-82.98966,1,0.0007849293563579278
261,Ocean Shores,WA,5699,46.9737,-124.15629,2,0.00035093876118617303
262,Westminster,CO,113130,39.83665,-105.0372,6,5.303632988597189e-05
263,Kirksville,MO,17520,40.19475,-92.58325,1,5.7077625570776254e-05
264,Glen Cove,NY,27400,40.86232,-73.63374,1,3.649635036496351e-05
265,Birmingham,MI,20857,42.5467,-83.21132,10,0.00047945533873519684
266,Bellevue,WA,139820,47.61038,-122.20068,6,4.291231583464454e-05
267,Redmond,WA,60598,47.67399,-122.12151,5,8.251097395953662e-05
268,DeKalb,IL,43211,41.92947,-88.75036,1,2.3142255444215595e-05
269,Rancho Cordova,CA,71017,38.58907,-121.30273,1,1.4081135502766943e-05
270,Dania Beach,FL,31446,26.05231,-80.14393,1,3.180054696940788e-05
271,Bloomington,IN,84067,39.16533,-86.52639,21,0.00024980075416037206
272,Mariposa,CA,2173,37.48494,-119.96628,1,0.0004601932811780948
273,Bangor,ME,32391,44.80118,-68.77781,1,3.087277330122565e-05
274,Spokane,WA,213272,47.65966,-117.42908,13,6.095502456956375e-05
275,Fayetteville,AR,82830,36.06258,-94.15743,3,3.621876131836291e-05
276,Tacoma,WA,207948,47.25288,-122.44429,12,5.770673437590167e-05
277,Jackson,TN,66975,35.61452,-88.81395,1,1.4930944382232176e-05
278,Minot,ND,49450,48.23251,-101.29627,1,2.0222446916076846e-05
279,Port Arthur,TX,55340,29.88519,-93.94233,1,1.8070112034694616e-05
280,Laurel Springs,NJ,1884,39.82011,-75.00628,2,0.0010615711252653928
281,Mason City,IA,27366,43.15357,-93.20104,1,3.654169407293722e-05
282,Charleston,WV,49736,38.34982,-81.63262,5,0.00010053080263792826
283,Manassas,VA,41764,38.75095,-77.47527,3,7.183219998084475e-05
284,Haughton,LA,3334,32.53265,-93.50406,1,0.00029994001199760045
285,Fort Worth,TX,833319,32.72541,-97.32085,18,2.1600371526390253e-05
286,Hackettstown,NJ,9579,40.85399,-74.82906,1,0.00010439503079653408
287,Birmingham,AL,212461,33.52066,-86.80249,13,6.118770033088426e-05
288,Carlsbad,CA,113453,33.15809,-117.35059,6,5.288533577781107e-05
289,Carson City,NV,54521,39.1638,-119.7674,6,0.00011004933878688945
290,Coeur d'Alene,ID,49122,47.67768,-116.78047,1,2.035747730141281e-05
291,Cerritos,CA,49975,33.85835,-118.06479,1,2.001000500250125e-05
292,Pasadena,CA,142250,34.14778,-118.14452,3,2.10896309314587e-05
293,Silverton,OR,9753,45.00512,-122.78315,1,0.00010253255408592229
294,Prince George,VA,2066,37.22043,-77.28803,1,0.000484027105517909
295,Princeton,NJ,29603,40.34872,-74.65905,6,0.00020268216059183191
296,Layton,UT,74143,41.06022,-111.97105,1,1.3487449927842143e-05
297,Santa Rosa,CA,174972,38.44047,-122.71443,14,8.001280204832773e-05
298,Lake Worth,FL,37498,26.61708,-80.07231,1,2.6668088964744787e-05
299,Tecumseh,MI,8372,42.00393,-83.94494,1,0.00011944577161968466
300,Merritt Island,FL,34743,28.53917,-80.672,2,5.75655527732205e-05
301,Des Moines,IA,210330,41.60054,-93.60911,3,1.4263300527742119e-05
302,Cherokee,NC,2138,35.47427,-83.31487,6,0.002806361085126286
303,Orange,CA,140992,33.78779,-117.85311,9,6.383340898774399e-05
304,Cuba,NY,1529,42.21757,-78.27529,1,0.0006540222367560497
305,Sun City,AZ,37499,33.59754,-112.27182,2,5.333475559348249e-05
306,Owings Mills,MD,30622,39.41955,-76.78025,11,0.00035921886225589447
307,Colorado Springs,CO,456568,38.83388,-104.82136,10,2.1902542447127264e-05
308,Longmont,CO,92088,40.16721,-105.10193,5,5.4295890886977675e-05
309,Mahtomedi,MN,8116,45.06969,-92.9516,2,0.0002464268112370626
310,Salem,MA,42869,42.51954,-70.89672,4,9.330751825328326e-05
311,Eglin Air Force Base,FL,2274,30.45907,-86.55026,1,0.00043975373790677223
312,Weslaco,TX,39474,26.15952,-97.99084,1,2.5333130668287987e-05
313,Springfield,OR,60870,44.04624,-123.02203,2,3.285690816494168e-05
314,Brunswick,GA,16157,31.14995,-81.49149,4,0.0002475707123847249
315,Viera West,FL,6641,28.24504,-80.7338,1,0.0001505797319680771
316,Hastings,MI,7284,42.64587,-85.29084,1,0.0001372872048325096
317,Pueblo,CO,109412,38.25445,-104.60914,2,1.8279530581654664e-05
318,Westford,MA,21587,42.57926,-71.43784,1,4.632417658776115e-05
319,Decatur,GA,21957,33.77483,-84.29631,2,9.108712483490458e-05
320,Ocala,FL,58218,29.1872,-82.14009,1,1.717681816620289e-05
321,Sioux Falls,SD,171544,43.54997,-96.70033,5,2.914704099239845e-05
322,Niagara Falls,NY,48916,43.0945,-79.05671,1,2.044320876604792e-05
323,Montgomery,PA,1558,41.17036,-76.87691,1,0.0006418485237483953
324,Webster,TX,11116,29.53773,-95.11826,8,0.0007196833393306944
325,Fairbanks,AK,32325,64.83778,-147.71639,2,6.187161639597834e-05
326,Ankeny,IA,56764,41.72971,-93.60577,7,0.00012331759565922064
327,Lafayette,IN,71111,40.4167,-86.87529,13,0.00018281278564497757
328,Conyngham,PA,1881,40.99203,-76.05659,2,0.001063264221158958
329,Dos Palos,CA,5125,36.98606,-120.62657,1,0.0001951219512195122
330,Mojave,CA,4238,35.05247,-118.17396,1,0.00023596035865974517
331,Parowan,UT,2926,37.8422,-112.828,2,0.000683526999316473
332,Ridgefield,CT,7645,41.28148,-73.49818,1,0.00013080444735120994
333,Ann Arbor,MI,117070,42.27756,-83.74088,23,0.00019646365422396856
334,Ormond Beach,FL,40970,29.28581,-81.05589,4,9.76324139614352e-05
335,Naples,FL,21512,26.14234,-81.79596,11,0.0005113425065079955
336,Post Falls,ID,30453,47.71796,-116.95159,1,3.283748727547368e-05
337,Henderson,NV,285667,36.0397,-114.98194,3,1.050173803764523e-05
338,Buckeye,AZ,50876,33.37032,-112.58378,2,3.931126660901014e-05
339,Portland,ME,66881,43.66147,-70.25533,11,0.00016447122501158775
340,Fort Bragg,NC,29183,35.139,-79.00603,9,0.00030839872528526884
341,Greece,NY,14519,43.20978,-77.69306,2,0.00013775053378331842
342,Marietta,GA,59067,33.9526,-84.54993,7,0.00011850948922410144
343,Walnut Creek,CA,68910,37.90631,-122.06496,8,0.00011609345523146132
344,Mount Pleasant,PA,4497,39.73371,-77.07554,1,0.00022237046920169
345,College Station,TX,107889,30.62798,-96.33441,2,1.8537571022068977e-05
346,Denton,TX,131044,33.21484,-97.13307,10,7.63102469399591e-05
347,Roxana,IL,1483,38.84838,-90.07622,1,0.0006743088334457181
348,Thornton,CO,133451,39.86804,-104.97192,2,1.4986774171793392e-05
349,Santa Fe Springs,CA,18026,33.94724,-118.08535,1,5.547542438699656e-05
350,Lynbrook,NY,19558,40.65483,-73.6718,1,5.1129972389814906e-05
351,West Palm Beach,FL,106779,26.71534,-80.05337,28,0.00026222384551269443
352,Elko,NV,20279,40.83242,-115.76312,2,9.862419251442379e-05
353,Starkville,MS,25366,33.45049,-88.81961,1,3.942284948356067e-05
354,Brighton,NY,36609,43.14756,-77.55055,2,5.4631374798546805e-05
355,Stamford,CT,128874,41.05343,-73.53873,4,3.103806819063581e-05
356,Newport News,VA,182385,37.08339,-76.46965,1,5.482907037311183e-06
357,Darien,CT,20732,41.07871,-73.46929,2,9.646922631680494e-05
358,Port Washington,NY,15846,40.82566,-73.69819,1,6.310740880979428e-05
359,Jersey City,NJ,264290,40.72816,-74.07764,5,1.8918612130614098e-05
360,Greenville,SC,64579,34.85262,-82.39401,3,4.645472986574583e-05
361,Greensboro,NC,285342,36.07264,-79.79198,11,3.855023095092906e-05
362,Canoga Park,CA,60578,34.20112,-118.59814,1,1.650764303872693e-05
363,Roanoke,VA,99897,37.27097,-79.94143,2,2.0020621239877075e-05
364,North Tonawanda,NY,30785,43.03867,-78.8642,1,3.24833522819555e-05
365,Ocoee,FL,43608,28.56917,-81.54396,1,2.293157218858925e-05
366,Des Plaines,IL,58677,42.03336,-87.8834,2,3.4084905499599504e-05
367,Union,NJ,56771,40.6976,-74.2632,2,3.52292543728312e-05
368,Excelsior Springs,MO,11486,39.33917,-94.22606,1,8.706251088281386e-05
369,Oak Park,CA,13811,34.17917,-118.76287,1,7.240605314604301e-05
370,Golden,CO,20330,39.75554,-105.2211,2,9.837678307919331e-05
371,Murrells Inlet,SC,7547,33.551,-79.04143,1,0.00013250298131707962
372,Coon Rapids,MN,62240,45.11997,-93.28773,2,3.2133676092544985e-05
373,Lake Mary,FL,16021,28.75888,-81.31784,1,6.241807627488921e-05
374,Billings,MT,110263,45.78329,-108.50069,1,9.069225397458802e-06
375,Clinton,NY,1891,43.0484,-75.3785,1,0.0005288207297726071
376,Normal,IL,54373,40.5142,-88.99063,1,1.8391481065970243e-05
377,Arlington,TX,388125,32.73569,-97.10807,7,1.8035426731078905e-05
378,North Royalton,OH,30311,41.31366,-81.72457,1,3.299132328197684e-05
379,Grand Rapids,MI,195097,42.96336,-85.66809,13,6.663352076146738e-05
380,Lampasas,TX,7687,31.06378,-98.1817,1,0.00013008976193573565
381,Cary,NC,159769,35.79154,-78.78112,1,6.259036483923665e-06
382,Mountain View,CA,80435,37.38605,-122.08385,6,7.459439298812706e-05
383,Saint Paul,MN,285068,44.94441,-93.09327,9,3.1571414539688776e-05
384,Malvern,PA,3430,40.03622,-75.51381,1,0.0002915451895043732
385,Mancos,CO,1380,37.345,-108.28925,1,0.0007246376811594203
386,Daphne,AL,24896,30.60353,-87.9036,1,4.016709511568123e-05
387,Rehoboth Beach,DE,1458,38.72095,-75.07601,2,0.0013717421124828531
388,Weymouth,MA,54395,42.22093,-70.93977,1,1.838404265097895e-05
389,Moline,IL,42681,41.5067,-90.51513,1,2.3429629108971205e-05
390,Federal Way,WA,95171,47.32232,-122.31262,5,5.253701232518309e-05
391,Wenatchee,WA,33636,47.42346,-120.31035,1,2.9730051135687954e-05
392,Fair Oaks,CA,30912,38.64463,-121.27217,2,6.469979296066253e-05
393,West Hollywood,CA,36222,34.09001,-118.36174,3,8.282259400364419e-05
394,Haddonfield,NJ,11414,39.8915,-75.03767,2,0.00017522340984755565
395,Toledo,OH,279789,41.66394,-83.55521,12,4.288946313114525e-05
396,Fort Hood,TX,29589,31.13489,-97.77561,1,3.3796343235661904e-05
397,Gallatin,MO,1744,39.91445,-93.96217,1,0.0005733944954128441
398,Arnold,MD,23106,39.03206,-76.50274,1,4.327880204275946e-05
399,Tigard,OR,51253,45.43123,-122.77149,2,3.902210602306207e-05
400,Overland Park,KS,186515,38.98223,-94.67079,4,2.1445996300565637e-05
401,Quincy,IL,40780,39.9356,-91.40987,2,4.9043648847474255e-05
402,Port Townsend,WA,9335,48.11704,-122.76045,1,0.00010712372790573112
403,San Tan Valley,AZ,81321,33.1911,-111.528,1,1.2296946668142301e-05
404,Monticello,MN,13299,45.30552,-93.79414,1,7.519362358072035e-05
405,Palm Beach Gardens,FL,52923,26.82339,-80.13865,10,0.00018895376301419044
406,Plantation,FL,92560,26.13421,-80.23184,2,2.1607605877268798e-05
407,Bentonville,AR,44499,36.37285,-94.20882,1,2.247241511045192e-05
408,Brainerd,MN,13371,46.35802,-94.20083,2,0.0001495774437214868
409,Edmonds,WA,41375,47.81065,-122.37736,2,4.8338368580060424e-05
410,West Chester,PA,19842,39.96097,-75.60804,15,0.0007559721802237678
411,East Greenbush,NY,4487,42.59091,-73.70179,1,0.00022286605749944285
412,Menlo Park,CA,33449,37.45383,-122.18219,4,0.00011958503991150707
413,Somerset,KY,11439,37.09202,-84.60411,1,8.742022904100009e-05
414,Tallahassee,FL,189907,30.43826,-84.28073,15,7.898603000415993e-05
415,Lomita,CA,20785,33.79224,-118.31507,3,0.0001443348568679336
416,Estero,FL,30799,26.43814,-81.80675,1,3.2468586642423456e-05
417,Westwood,CA,2019,34.05612,-118.43063,1,0.0004952947003467063
418,Weehawken,NJ,14104,40.76955,-74.02042,3,0.0002127056154282473
419,Chaska,MN,25199,44.78941,-93.60218,4,0.00015873645779594428
420,Providence,RI,179207,41.82399,-71.41283,11,6.138153085537954e-05
421,Miami Shores,FL,10831,25.86315,-80.19283,1,9.232757824762257e-05
422,Hickory,NC,40374,35.73319,-81.3412,6,0.0001486104919007282
423,Blacksburg,VA,44215,37.22957,-80.41394,9,0.00020355083116589394
424,Burlington,VT,42452,44.47588,-73.21207,5,0.00011778008103269574
425,Sarasota,FL,55118,27.33643,-82.53065,9,0.000163286040857796
426,Sneads Ferry,NC,2646,34.55267,-77.39718,1,0.0003779289493575208
427,Astoria,NY,150165,40.77205,-73.93014,2,1.3318682782272834e-05
428,Green Valley,AZ,21391,31.85425,-110.9937,2,9.349726520499275e-05
429,Spring City,TN,1995,35.69201,-84.86078,2,0.0010025062656641604
430,Santa Ana,CA,335400,33.74557,-117.86783,2,5.963029218843172e-06
431,Jackson,MS,170674,32.29876,-90.18481,1,5.859123240798247e-06
432,Bend,OR,87014,44.05817,-121.31531,3,3.4477210563817313e-05
433,Hazard,KY,5341,37.24954,-83.19323,2,0.0003744617112900206
434,Round Lake,IL,18461,42.35336,-88.09341,1,5.4168246573858405e-05
435,Coronado,CA,24812,32.68589,-117.18309,2,8.060615831049492e-05
436,Kokomo,IN,57995,40.48643,-86.1336,1,1.7242865764290024e-05
437,Twin Falls,ID,47468,42.56297,-114.46087,8,0.00016853459172495156
438,Fairfield,CA,112970,38.24936,-122.03997,1,8.851907586084802e-06
439,Oceanside,NY,32109,40.63871,-73.64013,1,3.1143916036002365e-05
440,Norfolk,VA,246393,36.84681,-76.28522,11,4.464412544187538e-05
441,Wilson,NC,49643,35.72127,-77.91554,2,4.0287653848478137e-05
442,Springfield,MA,154341,42.10148,-72.58981,20,0.00012958319565118794
443,East Lansing,MI,48471,42.73698,-84.48387,1,2.0630892698727074e-05
444,Grayson Valley,AL,5736,33.64816,-86.63943,2,0.0003486750348675035
445,Vermillion,SD,10738,42.77944,-96.92921,7,0.000651890482398957
446,Auburn,CA,13953,38.89657,-121.07689,2,0.00014333835017558947
447,Youngstown,OH,64628,41.09978,-80.64952,3,4.641950857213592e-05
448,Irvington,NY,6607,41.03922,-73.86823,1,0.00015135462388375965
449,East Syracuse,NY,3010,43.06534,-76.07853,1,0.0003322259136212625
450,Roseburg,OR,22114,43.2165,-123.34174,3,0.00013566066745048386
451,Johns Creek,GA,83335,34.02893,-84.19858,1,1.1999760004799904e-05
452,Lancaster,PA,59339,40.03788,-76.30551,2,3.370464618547667e-05
453,Menominee,MI,8382,45.10776,-87.61427,1,0.00011930326890956812
454,Ashland,OR,20861,42.19458,-122.70948,2,9.587268107952639e-05
455,Joplin,MO,51818,37.08423,-94.51328,3,5.789493998224555e-05
456,Williamstown,MA,4325,42.71202,-73.20372,1,0.00023121387283236994
457,Clinton,CT,3368,41.27871,-72.52759,1,0.0002969121140142518
458,Pflugerville,TX,57122,30.43937,-97.62,1,1.7506389832288786e-05
459,Wayne,NJ,57915,40.92538,-74.27654,1,1.72666839333506e-05
460,Colchester,VT,16986,44.54394,-73.14791,1,5.887201224537855e-05
461,Naperville,IL,147100,41.78586,-88.14729,3,2.0394289598912303e-05
462,National City,CA,61060,32.67811,-117.0992,1,1.6377333770062233e-05
463,Wausau,WI,39094,44.95914,-89.63012,3,7.67381183813373e-05
464,Florence,SC,38228,34.19543,-79.76256,2,5.231767290990897e-05
465,Lithonia,GA,2022,33.71233,-84.10519,1,0.0004945598417408506
466,Johnston,IA,20871,41.67304,-93.69772,2,9.582674524459776e-05
467,Littleton,CO,46368,39.61332,-105.01665,2,4.313319530710835e-05
468,Lake Forest,CA,82492,33.64697,-117.68922,1,1.2122387625466711e-05
469,Mill Creek,WA,20043,47.8601,-122.2043,1,4.9892730629147335e-05
470,Manor,TX,7587,30.34076,-97.55695,4,0.0005272176090681429
471,Shreveport,LA,197204,32.52515,-93.75018,5,2.535445528488266e-05
472,Shelton,WA,9834,47.21509,-123.10071,1,0.0001016880211511084
473,Ottumwa,IA,24624,41.02001,-92.4113,2,8.122157244964262e-05
474,Bryant,AR,19986,34.59593,-92.48905,1,5.0035024517162014e-05
475,Weed,CA,2556,41.42265,-122.38613,1,0.0003912363067292645
476,Grinnell,IA,9141,41.74305,-92.72241,1,0.0001093972213105787
477,Sherwood,OR,19283,45.35651,-122.8401,1,5.185915054711404e-05
478,Snoqualmie,WA,13169,47.52871,-121.82539,1,7.593591009188245e-05
479,Sugar Land,TX,88156,29.61968,-95.63495,14,0.00015880938336585145
480,San Clemente,CA,65526,33.42697,-117.61199,2,3.052223544852425e-05
481,Reno,NV,241445,39.52963,-119.8138,7,2.8992110004348817e-05
482,Brooklyn,MI,1198,42.10587,-84.24828,3,0.0025041736227045075
483,Selma,CA,24414,36.57078,-119.61208,1,4.0960104857868435e-05
484,Belleville,IL,42034,38.52005,-89.98399,1,2.3790265023552363e-05
485,Geneva,IL,21806,41.88753,-88.30535,1,4.585893790699807e-05
486,Beaverton,OR,96577,45.48706,-122.80371,14,0.0001449620510059331
487,Edmond,OK,90092,35.65283,-97.4781,2,2.2199529369977357e-05
488,Brentwood,CA,58968,37.93187,-121.69579,1,1.6958350291683625e-05
489,Brookline,MA,58732,42.33176,-71.12116,1,1.70264932234557e-05
490,Fremont,OH,16297,41.35033,-83.12186,1,6.136098668466589e-05
491,Lawrence,KS,93917,38.97167,-95.23525,7,7.453389695156361e-05
492,Waukesha,WI,71970,43.01168,-88.23148,2,2.778935667639294e-05
493,Asheboro,NC,26103,35.70791,-79.81364,1,3.8309772823047157e-05
494,Evans,CO,21383,40.37637,-104.69219,1,4.676612262077351e-05
495,Bellwood,IL,19308,41.88142,-87.88312,1,5.179200331468821e-05
496,Tinton Falls,NJ,17772,40.30428,-74.10042,5,0.0002813414359666892
497,Bellevue,KY,5892,39.10645,-84.47883,1,0.00016972165648336727
498,Bowling Green,KY,63616,36.99032,-86.4436,7,0.00011003521126760564
499,Emeryville,CA,11694,37.83132,-122.28525,8,0.0006841115101761587
500,Akron,OH,197542,41.08144,-81.51901,3,1.518664385295279e-05
501,Hollywood,FL,149728,26.0112,-80.14949,4,2.6715110066253472e-05
502,Myrtle Beach,SC,31035,33.68906,-78.88669,3,9.666505558240696e-05
503,Kenai,AK,7661,60.55444,-151.25833,1,0.00013053126223730585
504,Peekskill,NY,24043,41.29009,-73.92042,1,4.159214740257039e-05
505,Woodland,CA,58567,38.67852,-121.7733,1,1.7074461727594038e-05
506,Katy,TX,16158,29.78579,-95.8244,7,0.00043322193340759993
507,Madison,AL,46962,34.69926,-86.74833,1,2.1293812018227504e-05
508,Binghamton,NY,46032,42.09869,-75.91797,2,4.344803614876608e-05
509,Lawrence,MA,80231,42.70704,-71.16311,1,1.2464010170632299e-05
510,Hopkinton,MA,2550,42.22871,-71.52256,1,0.000392156862745098
511,Baton Rouge,LA,228590,30.45075,-91.15455,17,7.436895752220132e-05
512,Matthews,NC,30678,35.11681,-80.72368,2,6.519329812895235e-05
513,Cooper City,FL,35364,26.05731,-80.27172,1,2.8277344191833503e-05
514,Ithaca,NY,30788,42.44063,-76.49661,2,6.496037417175523e-05
515,Troy,MO,11542,38.97949,-90.9807,1,8.664009703690868e-05
516,Ramsey,NJ,15102,41.05732,-74.14098,3,0.0001986491855383393
517,Arlington,MA,42844,42.41537,-71.15644,4,9.336196433572963e-05
518,Hawaiian Paradise Park,HI,11404,19.59333,-154.97306,1,8.768853034023149e-05
519,Whittier,CA,87438,33.97918,-118.03284,5,5.7183375649031315e-05
520,Canton,MI,86825,42.30865,-83.48216,1,1.1517420097898071e-05
521,Lynn,MA,92457,42.46676,-70.94949,3,3.244751614263928e-05
522,Henderson,KY,28890,37.83615,-87.59001,1,3.461405330564209e-05
523,Yuba City,CA,66941,39.14045,-121.61691,1,1.4938527957455073e-05
524,Tuscaloosa,AL,98332,33.20984,-87.56917,5,5.084814709351991e-05
525,Helena,MT,30581,46.59271,-112.03611,1,3.2700042510055265e-05
526,North Pole,AK,2189,64.75111,-147.34944,8,0.003654636820465966
527,Lakewood,OH,50656,41.48199,-81.79819,1,1.974099810486418e-05
528,Pocasset,MA,2851,41.68622,-70.61614,2,0.0007015082427218519
529,Folsom,CA,76375,38.67796,-121.17606,6,7.855973813420621e-05
530,New Albany,OH,9879,40.08117,-82.80879,2,0.00020244964065188785
531,Frederick,MD,69479,39.41427,-77.41054,1,1.4392838123749622e-05
532,Franklin,KY,8787,36.72226,-86.57722,1,0.00011380448389666553
533,Cleveland,TN,43898,35.15952,-84.87661,1,2.2780081097088706e-05
534,Johnstown,NY,8345,43.00674,-74.36764,2,0.0002396644697423607
535,Cocoa Beach,FL,11595,28.32055,-80.60922,1,8.6244070720138e-05
536,Laguna Beach,CA,23365,33.54225,-117.78311,5,0.00021399529210357372
537,Springfield,VA,30484,38.78928,-77.1872,2,6.560818790185015e-05
538,Shelby,OH,9058,40.88145,-82.66184,1,0.00011039964672113049
539,Sea Cliff,NY,5025,40.84899,-73.64485,1,0.0001990049751243781
540,Rolling Meadows,IL,24190,42.08419,-88.01313,1,4.133939644481191e-05
541,Cairo,GA,9752,30.87751,-84.20214,1,0.00010254306808859722
542,Green Bay,WI,105207,44.51916,-88.01983,6,5.7030425732128093e-05
543,Live Oak,CA,17158,36.98356,-121.98052,4,0.00023312740412635504
544,Lancaster,OH,39766,39.71368,-82.59933,1,2.5147110596992405e-05
545,Livonia,MI,94635,42.36837,-83.35271,1,1.0566914989168912e-05
546,Huntington,WV,48638,38.41925,-82.44515,1,2.056005592335211e-05
547,Santa Fe,NM,84099,35.68698,-105.9378,9,0.00010701673028216744
548,Marysville,WA,66773,48.05176,-122.17708,4,5.9904452398424516e-05
549,South Riding,VA,24256,38.92094,-77.50388,1,4.122691292875989e-05
550,Onarga,IL,1321,40.71504,-88.00615,6,0.004542013626040878
551,Weatherford,OK,12126,35.52616,-98.70757,1,8.246742536698004e-05
552,Redlands,CA,71035,34.05557,-117.18254,1,1.407756739635391e-05
553,Ashland,VA,7503,37.75903,-77.47998,3,0.00039984006397441024
554,Sumas,WA,1373,49.00012,-122.26488,1,0.0007283321194464676
555,Fullerton,CA,140847,33.87029,-117.92534,2,1.4199805462665162e-05
556,Urbana,MD,9175,39.32594,-77.35137,2,0.00021798365122615803
557,Rochester Hills,MI,73424,42.65837,-83.14993,1,1.361952495096971e-05
558,Indianola,WA,3500,47.74704,-122.52569,1,0.00028571428571428574
559,Antioch,CA,110542,38.00492,-121.80579,7,6.332434730690598e-05
560,Watertown,MA,31915,42.37093,-71.18283,1,3.133322888923704e-05
561,Pahrump,NV,36441,36.20829,-115.98391,3,8.232485387338437e-05
562,Highland,IN,22936,41.55365,-87.45198,5,0.00021799790722009068
563,Mount Vernon,WA,34053,48.42122,-122.33405,1,2.936598831233665e-05
564,Glens Falls,NY,14291,43.30952,-73.64401,3,0.0002099223287383668
565,Troutdale,OR,16631,45.53929,-122.38731,1,6.01286753652817e-05
566,Simi Valley,CA,126788,34.26945,-118.78148,4,3.1548727008865195e-05
567,Braintree,MA,33509,42.22232,-70.99949,1,2.984272881912322e-05
568,Wright City,MO,3445,38.82755,-91.02014,1,0.00029027576197387516
569,Santa Barbara,CA,91842,34.42083,-119.69819,10,0.00010888264628383528
570,Yellow Springs,OH,3793,39.80645,-83.88687,1,0.0002636435539151068
571,New Port Richey,FL,15842,28.24418,-82.71927,5,0.00031561671506122964
572,Rutland,MA,2111,42.36954,-71.94813,3,0.0014211274277593558
573,Timberville,VA,2603,38.63901,-78.77391,2,0.000768344218209758
574,Garfield,NJ,31802,40.88149,-74.1132,1,3.144456323501666e-05
575,Evergreen,CO,9038,39.63332,-105.31721,1,0.00011064394777605666
576,Oak Park,IL,52287,41.88503,-87.7845,4,7.650085107196818e-05
577,Quincy,MA,93618,42.25288,-71.00227,2,2.1363413018863893e-05
578,North Chicago,IL,29491,42.32558,-87.84118,1,3.3908650096639655e-05
579,North Miami Beach,FL,43971,25.93315,-80.16255,3,6.822678583611926e-05
580,Renton,WA,100242,47.48288,-122.21707,2,1.995171684523453e-05
581,Westminster,CA,92114,33.75918,-118.00673,2,2.1712226154547625e-05
582,Cocoa,FL,17711,28.38612,-80.742,1,5.646208570944611e-05
583,Burbank,CA,105319,34.18084,-118.30897,7,6.646474045518852e-05
584,Des Moines,WA,31221,47.40177,-122.32429,1,3.2029723583485475e-05
585,North Bend,NE,1234,41.46195,-96.77975,1,0.0008103727714748784
586,South Gate,CA,96401,33.95474,-118.21202,1,1.037333637617867e-05
587,Bethel,CT,9549,41.37121,-73.41401,7,0.0007330610535134569
588,Ocean City,MD,7055,38.3365,-75.08491,1,0.00014174344436569808
589,Flagstaff,AZ,70320,35.19807,-111.65127,3,4.266211604095563e-05
590,Carnegie,PA,7931,40.40868,-80.08339,2,0.00025217500945656286
591,North Port,FL,62345,27.04422,-82.23593,1,1.6039778651054614e-05
592,Gambrills,MD,2800,39.06705,-76.66524,1,0.00035714285714285714
593,Northville,MI,6010,42.43115,-83.48327,6,0.0009983361064891847
594,Oshkosh,WI,66555,44.02471,-88.54261,2,3.00503343099692e-05
595,Mandeville,LA,12345,30.35825,-90.06563,1,8.100445524503848e-05
596,Ventura,CA,96769,34.27834,-119.29317,3,3.10016637559549e-05
597,Camarillo,CA,67608,34.21639,-119.0376,2,2.9582297952904983e-05
598,Pismo Beach,CA,8162,35.14275,-120.64128,2,0.0002450379808870375
599,Fitchburg,WI,27996,42.96083,-89.46984,3,0.00010715816545220746
600,Cornwall,NY,2966,41.44482,-74.0157,1,0.00033715441672285906
601,Bedford,OH,12747,41.39311,-81.53651,2,0.00015689966266572527
602,Lockhart,TX,13446,29.88494,-97.67,1,7.437156031533541e-05
603,Lake Arthur,LA,2742,30.08076,-92.67153,1,0.00036469730123997083
604,Bristol,RI,22795,41.67705,-71.26616,1,4.386926957666155e-05
605,Phoenixville,PA,16658,40.13038,-75.51491,2,0.00012006243246488174
606,Rockport,TX,10490,28.02077,-97.05601,2,0.00019065776930409913
607,Canton,OH,71885,40.79895,-81.37845,2,2.7822216039507548e-05
608,Haiku-Pauwela,HI,8118,20.92187,-156.30508,10,0.001231830500123183
609,Manhattan Beach,CA,35818,33.88474,-118.41091,3,8.375677033893574e-05
610,Bethesda,MD,60858,38.98067,-77.10026,4,6.572677380130797e-05
611,Lufkin,TX,36333,31.33824,-94.7291,2,5.504637657226213e-05
612,Lafayette,LA,127657,30.22409,-92.01984,3,2.3500473926224178e-05
613,Kenosha,WI,99858,42.58474,-87.82119,1,1.0014220192673596e-05
614,Daly City,CA,106562,37.70577,-122.46192,1,9.38420825434958e-06
615,Panama City Beach,FL,12624,30.17659,-85.80549,18,0.0014258555133079848
616,Carmel,IN,88713,39.97837,-86.11804,1,1.1272305073664513e-05
617,Paris,KY,9870,38.2098,-84.25299,1,0.00010131712259371833
618,Northridge,CA,68469,34.22834,-118.53675,1,1.460514977581095e-05
619,Alameda,CA,78630,37.76521,-122.24164,14,0.00017804909067785832
620,Puyallup,WA,39659,47.18538,-122.2929,2,5.042991502559318e-05
621,Bristol,CT,60452,41.67176,-72.94927,10,0.0001654204989082247
622,Nassau,NY,1124,42.51591,-73.61012,1,0.0008896797153024911
623,Woodbridge,VA,4055,38.65817,-77.2497,1,0.0002466091245376079
624,Homestead,FL,66498,25.46872,-80.47756,2,3.0076092514060572e-05
625,Durango,CO,18006,37.27528,-107.88007,3,0.00016661112962345885
626,Mohnton,PA,3036,40.28593,-75.98438,1,0.00032938076416337287
627,Mount Clemens,MI,16400,42.59726,-82.87798,1,6.097560975609756e-05
628,Auburn,AL,62059,32.60986,-85.48078,1,1.611369825488648e-05
629,Allentown,PA,120207,40.60843,-75.49018,2,1.6637966175014767e-05
630,Pioneer,CA,1094,38.43186,-120.57187,1,0.0009140767824497258
631,Athens,OH,25044,39.32924,-82.10126,2,7.985944737262418e-05
632,Oak Forest,IL,28074,41.60281,-87.74394,5,0.00017810073377502316
633,Herndon,VA,24568,38.96955,-77.3861,1,4.070335395636601e-05
634,Framingham,MA,68318,42.27926,-71.41617,1,1.463743083813929e-05
635,Pompano Beach,FL,107762,26.23786,-80.12477,2,1.855941797665225e-05
636,Austin,MN,24563,43.66663,-92.97464,1,4.071163945772096e-05
637,Carbondale,CO,6670,39.40221,-107.21116,1,0.00014992503748125936
638,Radnor,PA,30878,40.04622,-75.35991,1,3.238551719670963e-05
639,Columbia,SC,133803,34.00071,-81.03481,8,5.978939186714797e-05
640,Altadena,CA,42777,34.18973,-118.13118,1,2.3377048413867265e-05
641,Moorhead,MN,42005,46.87386,-96.76951,3,7.142006903940007e-05
642,Kalispell,MT,22052,48.19579,-114.31291,2,9.069472156720479e-05
643,Chandler,AZ,260828,33.30616,-111.84125,5,1.9169721042219393e-05
644,Bexley,OH,13654,39.96895,-82.93768,1,7.323861139592794e-05
645,Columbus,MS,23168,33.49567,-88.42726,3,0.0001294889502762431
646,Culver City,CA,39717,34.02112,-118.39647,2,5.0356270614598286e-05
647,Los Lunas,NM,15336,34.80617,-106.73336,1,6.520605112154408e-05
648,Winston-Salem,NC,241218,36.09986,-80.24422,3,1.2436882819690073e-05
649,Mansfield,OH,46830,40.75839,-82.51545,2,4.2707666026051675e-05
650,Wilmington,NC,115933,34.22573,-77.94471,78,0.0006728023944864706
651,Broomfield,CO,65065,39.92054,-105.08665,2,3.0738492276953816e-05
652,Centerville,UT,16877,40.918,-111.87216,1,5.9252236771938144e-05
653,Wichita Falls,TX,104710,33.91371,-98.49339,1,9.550186228631459e-06
654,Mount Holly,NJ,10804,39.99289,-74.78766,4,0.00037023324694557573
655,Sachse,TX,24554,32.97623,-96.59527,2,8.145312372729494e-05
656,Medford,OR,79805,42.32652,-122.87559,3,3.7591629597143036e-05
657,Irving,TX,236607,32.81402,-96.94889,2,8.452835292277913e-06
658,Notre Dame,IN,5973,41.70019,-86.23793,1,0.00016742005692281934
659,Great Falls,MT,59638,47.50024,-111.30081,1,1.6767832589959423e-05
660,Kapa‘a,HI,10699,22.07521,-159.31895,1,9.346667912889055e-05
661,Bakersfield,CA,373640,35.37329,-119.01871,2,5.352745958676801e-06
662,Prattville,AL,35420,32.46402,-86.4597,1,2.8232636928289102e-05
663,Louisville,OH,9126,40.83728,-81.25955,1,0.00010957703265395574
664,Plymouth,MA,7494,41.95844,-70.66726,2,0.0002668801708033093
665,Edgewater,MD,9023,38.95706,-76.54996,1,0.0001108278842956888
666,Oakdale,CA,22259,37.76659,-120.84715,1,4.4925648052473156e-05
667,El Cajon,CA,103679,32.79477,-116.96253,1,9.645154756508068e-06
668,Deltona,FL,88474,28.90054,-81.26367,1,1.130275561181816e-05
669,Florence,AZ,31110,33.03145,-111.38734,4,0.0001285760205721633
670,Sonoma,CA,11037,38.29186,-122.45804,8,0.0007248346470961312
671,Ozone Park,NY,53985,40.67677,-73.84375,3,5.557099194220617e-05
672,Arcadia,CA,58408,34.13973,-118.03534,2,3.424188467333242e-05
673,Fallbrook,CA,30534,33.37642,-117.25115,2,6.550075325866247e-05
674,Long Beach,NY,33550,40.58844,-73.65791,1,2.9806259314456036e-05
675,Allen,TX,98143,33.10317,-96.67055,3,3.056764109513669e-05
676,Brownsville,PA,2292,40.02369,-79.88394,1,0.0004363001745200698
677,The Hammocks,FL,51003,25.67149,-80.4445,3,5.88200694076819e-05
678,Claremont,CA,36283,34.09668,-117.71978,2,5.5122233552903564e-05
679,Glen Burnie,MD,67639,39.16261,-76.62469,3,4.4353109892221943e-05
680,Mount Shasta,CA,3296,41.31024,-122.31225,1,0.00030339805825242716
681,Ames,IA,65060,42.03471,-93.61994,2,3.074085459575776e-05
682,Warren,MI,134056,42.49044,-83.01304,2,1.4919138270573492e-05
683,Trinidad,CO,8153,37.16946,-104.50054,3,0.000367962713111738
684,La Grange,NC,2804,35.30683,-77.78803,1,0.0003566333808844508
685,University Park,IL,7070,41.44298,-87.6836,1,0.00014144271570014144
686,Bartlesville,OK,36595,36.74731,-95.98082,1,2.7326137450471376e-05
687,Rock Island,IL,38620,41.50948,-90.57875,1,2.589331952356292e-05
688,Newton,MA,88817,42.33704,-71.20922,4,4.503642320726888e-05
689,Grand Blanc,MI,7993,42.92753,-83.62995,1,0.00012510947078693858
690,Loomis,CA,6733,38.82129,-121.193,4,0.0005940888162780336
691,Butler,PA,13289,40.86118,-79.89533,2,0.00015050041387613817
692,Oxford,MI,3534,42.82475,-83.26466,2,0.0005659309564233164
693,Ontario,CA,171214,34.06334,-117.65089,2,1.1681287745161027e-05
694,Hoover,AL,84848,33.40539,-86.81138,1,1.1785781633037903e-05
695,Apex,NC,45585,35.73265,-78.85029,2,4.387408138642097e-05
696,Piedmont,OK,7118,35.642,-97.74643,1,0.00014048890137679124
697,Hampton,VA,136454,37.02987,-76.34522,4,2.931390798364284e-05
698,Palm Beach,FL,8612,26.70562,-80.03643,4,0.00046446818392940084
699,La Jolla,CA,42808,32.84727,-117.2742,3,7.008035881143711e-05
700,San Bernardino,CA,216108,34.10834,-117.28977,2,9.254631943287616e-06
701,Washingtonville,NY,5788,41.42787,-74.16598,1,0.00017277125086385625
702,Daytona Beach,FL,64736,29.21081,-81.02283,1,1.5447355412753335e-05
703,Port Jefferson,NY,7842,40.94649,-73.06927,3,0.00038255547054322876
704,Gulfport,FL,12322,27.74836,-82.70343,1,8.115565654926148e-05
705,Fishers,IN,76794,39.95559,-86.01387,2,2.6043701330833138e-05
706,Big Bear City,CA,12304,34.26112,-116.84503,1,8.127438231469441e-05
707,Syracuse,UT,27395,41.08939,-112.06467,1,3.650301149844862e-05
708,Sandy Springs,GA,105330,33.92427,-84.37854,4,3.797588531282635e-05
709,Fort Collins,CO,161175,40.58526,-105.08442,6,3.722661703117729e-05
710,Bryan,TX,82118,30.67436,-96.36996,1,1.217759809055262e-05
711,Humble,TX,15665,29.99883,-95.26216,1,6.383657835939994e-05
712,Appleton,WI,74139,44.26193,-88.41538,2,2.6976355224645597e-05
713,Valdosta,GA,55724,30.83334,-83.28032,1,1.7945588974230134e-05
714,Cape Coral,FL,175229,26.56285,-81.94953,2,1.1413635870774814e-05
715,Maryville,TN,28464,35.75647,-83.97046,1,3.5132096683530073e-05
716,Bedford,MA,12502,42.49065,-71.27617,1,7.998720204767237e-05
717,Buchanan,MI,4362,41.82727,-86.36112,1,0.00022925263640531865
718,Easthampton,MA,16611,42.26676,-72.66898,1,6.0201071579074104e-05
719,Brockport,NY,8357,43.21367,-77.93918,1,0.00011966016513102789
720,Quitman,GA,3871,30.78492,-83.55988,1,0.0002583311805734952
721,Edinburg,TX,84497,26.30174,-98.16334,2,2.3669479389800822e-05
722,Deer Park,WA,3941,47.95434,-117.47689,1,0.0002537427048972342
723,Pullman,WA,32816,46.73127,-117.17962,1,3.047294002925402e-05
724,Swarthmore,PA,6211,39.90206,-75.34991,1,0.00016100466913540493
725,Opelika,AL,29527,32.64541,-85.37828,4,0.00013546923155078404
726,Lorain,OH,63647,41.45282,-82.18237,5,7.855829811302968e-05
727,Kaneohe,HI,34597,21.39994,-157.79895,4,0.0001156169610081799
728,Germantown,MD,86395,39.17316,-77.27165,2,2.3149487817582035e-05
729,Lathrop,CA,20866,37.8227,-121.27661,1,4.792485382919582e-05
730,Newport Beach,CA,87127,33.61891,-117.92895,4,4.590999345782593e-05
731,Menifee,CA,87174,33.72835,-117.14642,1,1.1471310253057104e-05
732,Kayenta,AZ,5189,36.72778,-110.25458,1,0.0001927153594141453
733,Eagan,MN,66286,44.80413,-93.16689,3,4.525842561023444e-05
734,Shaker Heights,OH,27646,41.47394,-81.53707,2,7.234319612240469e-05
735,Tukwila,WA,20018,47.47399,-122.26096,1,4.995504046358277e-05
736,Hobart,IN,28404,41.53226,-87.25504,1,3.520630897056752e-05
737,Medina,OH,26339,41.13839,-81.86375,2,7.593302707012416e-05
738,Idaho Falls,ID,59184,43.46658,-112.03414,1,1.689645850229792e-05
739,Hammond,IN,77614,41.58337,-87.50004,1,1.2884273455819826e-05
740,The Acreage,FL,38704,26.79404,-80.26749,1,2.583712277800744e-05
741,Tarrytown,NY,11560,41.07621,-73.85875,2,0.00017301038062283736
742,Elberton,GA,4453,34.11159,-82.86863,1,0.00022456770716370987
743,Fayetteville,NC,201963,35.05266,-78.87836,1,4.9514019894733195e-06
744,Valencia,CA,148456,34.44361,-118.60953,4,2.6944010346499975e-05
745,Tybee Island,GA,3102,32.00022,-80.84567,1,0.0003223726627981947
746,La Crosse,WI,52306,43.80136,-91.23958,2,3.823653118189118e-05
747,Pleasant Hill,CA,34810,37.94798,-122.0608,2,5.745475438092502e-05
748,Freehold,NJ,11959,40.26011,-74.27376,1,8.361903169161301e-05
749,Monterey,CA,28338,36.60024,-121.89468,1,3.528830545557202e-05
750,Wake Forest,NC,38199,35.97987,-78.50972,1,2.617869577737637e-05
751,Grand Island,NY,20813,43.03311,-78.96254,1,4.804689376831788e-05
752,Indio,CA,87533,33.7207,-116.21677,1,1.142426284943964e-05
753,Pacific,MO,7161,38.482,-90.74152,1,0.00013964530093562352
754,Empire,CA,4189,37.63826,-120.90215,1,0.00023872045834328001
755,Seymour,TN,10919,35.89064,-83.72462,2,0.00018316695668101475
756,Cannon Falls,MN,4062,44.50691,-92.90548,1,0.0002461841457410143
757,Sauk City,WI,3489,43.27082,-89.72207,1,0.00028661507595299513
758,Maplewood,NJ,25008,40.73121,-74.27348,1,3.99872040946897e-05
759,Glassboro,NJ,19216,39.70289,-75.11184,1,5.203996669442132e-05
760,Paducah,KY,24864,37.08339,-88.60005,1,4.021879021879022e-05
761,Arvada,CO,115368,39.80276,-105.08748,2,1.73358296928091e-05
762,Woburn,MA,39555,42.47926,-71.15228,2,5.056250790039186e-05
763,Rochester,MN,112225,44.02163,-92.4699,1,8.910670527957229e-06
764,Walnut,CA,30237,34.02029,-117.86534,1,3.307206402751596e-05
765,Sunset,UT,5183,41.13633,-112.03105,1,0.00019293845263360988
766,Johnstown,PA,19966,40.32674,-78.92197,1,5.0085144746068314e-05
767,Morgantown,WV,30708,39.62953,-79.9559,1,3.2564803959880164e-05
768,Montpelier,VT,7592,44.26006,-72.57539,2,0.00026343519494204424
769,Ypsilanti,MI,19945,42.24115,-83.61299,1,5.0137879167711205e-05
770,Weston,FL,69959,26.10037,-80.39977,1,1.4294086536399891e-05
771,Iowa City,IA,74220,41.66113,-91.53017,5,6.736728644570196e-05
772,Argyle,TX,3905,33.12123,-97.18335,1,0.00025608194622279127
773,Corpus Christi,TX,324074,27.80058,-97.39638,4,1.2342859964082278e-05
774,Key West,FL,25755,24.55524,-81.78163,1,3.8827412152980005e-05
775,Mobile,AL,194288,30.69436,-88.04305,3,1.5440994811825742e-05
776,Hyattsville,MD,18501,38.95594,-76.94553,1,5.4051132371223176e-05
777,Mankato,MN,41044,44.15906,-94.00915,1,2.4364097066562713e-05
778,Glendale,CA,201020,34.14251,-118.25508,2,9.949258780220874e-06
779,Topeka,KS,127265,39.04833,-95.67804,6,4.7145719561544806e-05
780,Oreland,PA,5678,40.11844,-75.17768,1,0.00017611835153222966
781,Springfield,TN,16808,36.50921,-86.885,2,0.00011899095668729176
782,Anderson,MO,1982,36.65063,-94.44355,1,0.0005045408678102926
783,Nacogdoches,TX,33894,31.60351,-94.65549,1,2.9503746975865936e-05
784,State College,PA,42161,40.79339,-77.86,2,4.743720499988141e-05
785,Fife,WA,9970,47.23927,-122.35707,2,0.00020060180541624874
786,Upland,CA,76443,34.09751,-117.64839,1,1.3081642531036197e-05
787,Fairhope,AL,18730,30.52297,-87.90333,2,0.00010678056593699947
788,Lone Star,TX,1631,33.78566,-95.38773,1,0.0006131207847946045
789,Lehi,UT,58486,40.39162,-111.85077,3,5.129432684745067e-05
790,Columbus,GA,200579,32.46098,-84.98771,1,4.985566784159857e-06
791,Independence,MO,117255,39.09112,-94.41551,4,3.411368385143491e-05
792,Stonewall,MS,1031,32.13181,-88.79338,1,0.0009699321047526673
793,Elizabeth,NJ,129007,40.66399,-74.2107,1,7.751517359523126e-06
794,Waco,TX,132356,31.54933,-97.14667,5,3.777690471153556e-05
795,Biloxi,MS,45637,30.39603,-88.88531,19,0.00041632885597212786
796,Wailua Homesteads,HI,5188,22.07244,-159.37677,1,0.00019275250578257516
797,Danville,IL,32108,40.12448,-87.63002,1,3.1144886009717205e-05
798,Ipswich,MA,4222,42.67926,-70.84116,1,0.00023685457129322596
799,Chesterfield,VA,0,37.37709,-77.50582,1,inf
800,Takoma Park,MD,17713,38.97789,-77.00748,2,0.00011291142099023316
801,Brewster,MA,2000,41.76011,-70.0828,1,0.0005
802,Roseville,MI,47637,42.49726,-82.93714,1,2.099208598358419e-05
803,Milford,CT,52759,41.22232,-73.0565,1,1.8954112094618928e-05
804,Muncie,IN,70087,40.19338,-85.38636,2,2.853596244667342e-05
805,Springfield,PA,23363,39.93067,-75.32019,1,4.28027222531353e-05
806,Lima,OH,37873,40.74255,-84.10523,1,2.6404034536477173e-05
807,Land O' Lakes,FL,31996,28.2189,-82.45759,2,6.250781347668459e-05
808,Ocean Springs,MS,17636,30.41131,-88.82781,1,5.670220004536176e-05
809,Park City,UT,8128,40.64606,-111.49797,1,0.00012303149606299212
810,Chelmsford,MA,33925,42.59981,-71.36728,3,8.843036109064112e-05
811,Burleson,TX,43625,32.54208,-97.32085,1,2.2922636103151864e-05
812,Lakeland,FL,104401,28.03947,-81.9498,3,2.873535694102547e-05
813,Killeen,TX,140806,31.11712,-97.7278,1,7.101970086501996e-06
814,Mount Ephraim,NJ,4639,39.87845,-75.09267,1,0.0002155636990730761
815,Roswell,GA,94501,34.02316,-84.36159,2,2.1163797208495148e-05
816,Concord,MA,16810,42.46037,-71.34895,1,5.94883997620464e-05
817,Richfield,MN,36216,44.8833,-93.283,1,2.76121051468964e-05
818,Fairwood,WA,19102,47.44843,-122.15734,1,5.235053921055387e-05
819,Morris Plains,NJ,5532,40.82177,-74.48099,1,0.00018076644974692697
820,Mims,FL,7058,28.66527,-80.84478,1,0.00014168319637291018
821,Aurora,IL,200661,41.76058,-88.32007,1,4.983529435216609e-06
822,Rainier,WA,1985,46.88815,-122.68846,2,0.0010075566750629723
823,West Orange,NJ,48131,40.79871,-74.23904,1,2.0776630446074254e-05
824,Salisbury,NC,34017,35.67097,-80.47423,3,8.819119851838787e-05
825,Lebanon,NH,13579,43.64229,-72.25176,1,7.364312541424258e-05
826,Riverdale Park,MD,7305,38.96344,-76.93164,1,0.00013689253935660506
827,Stillwater,OK,48967,36.11561,-97.05837,1,2.0421916801110953e-05
828,Spartanburg,SC,37867,34.94957,-81.93205,4,0.00010563287295006206
829,Julian,CA,1502,33.07866,-116.60196,2,0.0013315579227696406
830,Wallingford,CT,17712,41.45704,-72.82316,1,5.6458897922312554e-05
831,Lowell,MI,3906,42.93364,-85.34196,1,0.0002560163850486431
832,Wickenburg,AZ,6806,33.96864,-112.72962,1,0.00014692918013517486
833,Lancaster,NY,10258,42.90061,-78.67031,1,9.748488984207447e-05
834,Gaithersburg,MD,67456,39.14344,-77.20137,1,1.4824478178368122e-05
835,Fargo,ND,118523,46.87719,-96.7898,1,8.437180969094606e-06
836,Maricopa,AZ,48602,33.05811,-112.04764,1,2.05752849676968e-05
837,Coral Gables,FL,51117,25.72149,-80.26838,1,1.956296339769548e-05
838,Montclair,NJ,39701,40.82593,-74.20903,4,0.00010075312964408957
839,Sartell,MN,16788,45.62163,-94.20694,1,5.9566356921610674e-05
840,Lewisville,TX,104039,33.04623,-96.99417,7,6.728246138467306e-05
841,Kittanning,PA,3885,40.81645,-79.52199,1,0.0002574002574002574
842,Donalsonville,GA,2675,31.04046,-84.87909,1,0.00037383177570093456
843,Warner Robins,GA,73490,32.61574,-83.62664,1,1.3607293509320996e-05
844,Bristol,PA,9569,40.10067,-74.85183,5,0.0005225206395652628
845,Peachtree Corners,GA,40978,33.9701,-84.22159,1,2.4403338376689932e-05
846,Pico Rivera,CA,64218,33.98307,-118.09673,3,4.671587405400355e-05
847,Saugus,MA,26628,42.46482,-71.01005,1,3.755445395823945e-05
848,Novato,CA,55530,38.10742,-122.5697,1,1.8008283810552853e-05
849,Ashburn,VA,43511,39.04372,-77.48749,1,2.298269403139436e-05
850,Alton,IL,27003,38.8906,-90.18428,1,3.703292226789616e-05
851,Ronkonkoma,NY,19082,40.81538,-73.11233,1,5.2405408238130174e-05
852,Titusville,FL,45393,28.61222,-80.80755,1,2.202982838763686e-05
853,Palm Desert,CA,51869,33.72255,-116.37697,2,3.855867666621681e-05
854,El Paso,TX,681124,31.75872,-106.48693,8,1.1745291606227353e-05
855,Spring Valley,CA,28205,32.74477,-116.99892,1,3.5454706612302785e-05
856,Oxford,MA,6103,42.11676,-71.86479,1,0.00016385384237260363
857,Jacksonville,AL,12222,33.81382,-85.7613,4,0.0003272786777941417
858,Dunwoody,GA,48733,33.94621,-84.33465,1,2.0519976196827612e-05
859,Mendota Heights,MN,11223,44.88358,-93.13827,2,0.00017820547090795688
860,Gresham,OR,110553,45.49818,-122.43148,1,9.045435221115664e-06
861,Mystic,CT,4205,41.35427,-71.96646,2,0.0004756242568370987
862,Keller,TX,45758,32.93457,-97.25168,4,8.741640805979283e-05
863,Hagerstown,MD,40432,39.64176,-77.71999,1,2.4732884843688168e-05
864,Windham,OH,2205,41.23506,-81.04926,1,0.00045351473922902497
865,Reston,VA,58404,38.96872,-77.3411,1,1.7122114923635366e-05
866,Chattanooga,TN,176588,35.04563,-85.30968,4,2.2651595804924457e-05
867,The Villages,FL,51442,28.93408,-81.95994,3,5.831810582792271e-05
868,Oak Ridge,TN,29302,36.01036,-84.26964,1,3.4127363319909904e-05
869,Soldotna,AK,4544,60.48778,-151.05833,1,0.00022007042253521127
870,West Hartford,CT,63268,41.76204,-72.74204,1,1.5805778592653473e-05
871,Berwick,ME,2187,43.26592,-70.8645,1,0.0004572473708276177
872,Greeley,CO,100883,40.42331,-104.70913,1,9.912472864605534e-06
873,Avra Valley,AZ,6050,32.43785,-111.31539,1,0.00016528925619834712
874,Greenfield,IN,21497,39.78504,-85.76942,1,4.651811880727544e-05
875,Bel Air,MD,10190,39.53594,-76.34829,1,9.813542688910697e-05
876,Fremont,CA,232206,37.54827,-121.98857,7,3.014564653798782e-05
877,Chula Vista,CA,265757,32.64005,-117.0842,3,1.1288507922651144e-05
878,Kearney,NE,33021,40.69946,-99.08148,1,3.0283758820144755e-05
879,Colonie,NY,7906,42.71786,-73.83346,1,0.00012648621300278268
880,West Jordan,UT,111946,40.60967,-111.9391,9,8.039590516856341e-05
881,Mooresville,NC,36009,35.58486,-80.81007,1,2.7770835069010526e-05
882,Hamilton,OH,62407,39.3995,-84.56134,3,4.807153043729069e-05
883,Elk River,MN,23963,45.30385,-93.56718,1,4.173100196135709e-05
884,Chester,PA,34092,39.84967,-75.35707,2,5.8664789393406076e-05
885,Harrisonville,MO,9986,38.65334,-94.34884,1,0.0001001401962747847
886,Vail,AZ,10208,32.04786,-110.71203,1,9.796238244514106e-05
887,Evergreen Park,IL,19841,41.72059,-87.70172,2,0.00010080137089864422
888,Sidney,OH,20858,40.28422,-84.1555,1,4.794323520951194e-05
889,Winchester,MA,21374,42.45232,-71.137,1,4.678581454103116e-05
890,Pocomoke City,MD,4133,38.07568,-75.56798,1,0.00024195499637067505
891,Garden Grove,CA,175393,33.77391,-117.94145,1,5.701481815123751e-06
892,Cherry Hill,NJ,70475,39.93484,-75.03073,1,1.4189428875487762e-05
893,Urbana,IL,42311,40.11059,-88.20727,1,2.3634515846942877e-05
894,Dayton,OH,140599,39.75895,-84.19161,4,2.8449704478694728e-05
895,Jacksonville Beach,FL,23064,30.29469,-81.39314,1,4.3357613596947624e-05
896,Utica,NY,61100,43.1009,-75.23266,1,1.6366612111292963e-05
897,Frankfort,KY,27830,38.20091,-84.87328,1,3.593244699964068e-05
898,Goleta,CA,30944,34.43583,-119.82764,1,3.2316442605997934e-05
899,Cranston,RI,81073,41.77982,-71.43728,1,1.2334562678080249e-05
900,Fairview,NC,3684,35.13848,-80.53757,1,0.0002714440825190011
901,Calabasas,CA,23058,34.15778,-118.63842,2,8.673779165582444e-05
902,Rancho Cucamonga,CA,175236,34.1064,-117.59311,1,5.7065899700974685e-06
903,Mountain House,CA,9675,37.78326,-121.54273,1,0.00010335917312661498
904,Central Point,OR,17995,42.37596,-122.91643,3,0.0001667129758266185
905,Rapid City,SD,73569,44.08054,-103.23101,1,1.3592681700172627e-05
906,Richmond,CA,109708,37.93576,-122.34775,1,9.115105552922302e-06
907,Gilbert,AZ,247542,33.35283,-111.78903,1,4.039718512414055e-06
908,Sunbury,OH,5097,40.24256,-82.85907,1,0.00019619383951343929
909,Cupertino,CA,60572,37.323,-122.03218,1,1.6509278214356467e-05
910,Redmond,OR,28654,44.27262,-121.17392,1,3.4899141481119564e-05
911,Alpine,TX,5952,30.35862,-103.66206,1,0.00016801075268817206
912,Taylor,TX,16702,30.57076,-97.40944,1,5.987306909352173e-05
913,Gentry,AR,3397,36.26758,-94.48466,1,0.00029437739181630853
914,Lorton,VA,18610,38.70428,-77.22776,3,0.0001612036539494895
915,New Fairfield,CT,14126,41.46648,-73.48568,1,7.079144839303412e-05
916,South Lake Tahoe,CA,21706,38.93324,-119.98435,1,4.607021100156639e-05
917,Cleveland,AL,1315,33.99093,-86.57749,1,0.0007604562737642585
918,San Rafael,CA,59162,37.97353,-122.53109,1,1.6902741624691524e-05
919,Macon,GA,91351,32.84069,-83.6324,2,2.1893575330319317e-05
920,New Brunswick,NJ,57035,40.48622,-74.45182,1,1.7533093714385905e-05
921,Yorktown,VA,195,37.23876,-76.50967,3,0.015384615384615385
922,Lexington,MA,31394,42.44732,-71.2245,1,3.185322036057845e-05
923,Pleasanton,CA,79510,37.66243,-121.87468,2,2.515406867060747e-05
924,Marshall,MI,7045,42.27226,-84.96331,2,0.00028388928317956
925,Harrison,AR,13138,36.22979,-93.10768,1,7.611508601004719e-05
926,Sewickley,PA,3829,40.53646,-80.1845,1,0.00026116479498563595
927,Yankton,SD,14557,42.87111,-97.39728,1,6.869547296833139e-05
928,Minnetonka,MN,51669,44.9133,-93.50329,1,1.935396465966053e-05
929,Ogden,UT,85444,41.223,-111.97383,1,1.1703571930153083e-05
930,Newtown,CT,1967,41.41398,-73.30345,1,0.0005083884087442806
931,Galion,OH,10127,40.73367,-82.7899,1,9.874592673052236e-05
932,Savannah,GA,145674,32.08354,-81.09983,2,1.372928593983827e-05
933,Heath,TX,8211,32.83651,-96.47499,1,0.00012178784557301182
934,Carpinteria,CA,13727,34.39888,-119.51846,1,7.284912945290303e-05
935,Bellmawr,NJ,11462,39.86761,-75.09462,1,8.724480893386844e-05
936,Tishomingo,OK,3075,34.23621,-96.67861,1,0.0003252032520325203
937,Maple Valley,WA,25686,47.39272,-122.04641,2,7.786342754808066e-05
938,Avon,OH,22544,41.45171,-82.03542,2,8.87154009936125e-05
939,Emmaus,PA,11368,40.53954,-75.49685,1,8.796622097114708e-05
940,West Allis,WI,60620,43.01668,-88.00703,1,1.649620587264929e-05
941,Gonzales,LA,10678,30.23853,-90.9201,1,9.365049634763064e-05
942,Southborough,MA,9686,42.30565,-71.52451,2,0.00020648358455502787
943,Petaluma,CA,60438,38.23242,-122.63665,1,1.6545881730037394e-05
944,Sunset,FL,16389,25.70594,-80.35228,1,6.101653548111538e-05
945,Paia,HI,2668,20.90333,-156.36944,1,0.0003748125937031484
946,Wilmington,OH,12449,39.44534,-83.82854,1,8.032773716764399e-05
947,Owensboro,KY,59042,37.77422,-87.11333,1,1.693709562684191e-05
948,Del Mar,CA,4351,32.95949,-117.26531,1,0.00022983222247759135
949,Plum,PA,27505,40.50035,-79.74949,1,3.6357025995273585e-05
950,Mount Vernon,VA,12416,38.71919,-77.10726,1,8.054123711340206e-05
951,Pleasant Prairie,WI,20726,42.55308,-87.93341,11,0.0005307343433368716
952,Fenton,MO,4052,38.51311,-90.43595,1,0.00024679170779861795
953,Hamburg,NY,9576,42.71589,-78.82948,1,0.00010442773600668337
954,Fort Lee,NJ,36672,40.85093,-73.97014,1,2.7268760907504364e-05
955,Port Orange,FL,59866,29.13832,-80.99561,2,3.3407944409180505e-05
956,Troy,MI,83280,42.60559,-83.14993,2,2.4015369836695485e-05
957,Los Altos,CA,30671,37.38522,-122.11413,2,6.520817710540902e-05
958,Holland,MI,33742,42.78752,-86.10893,1,2.9636654614427123e-05
959,Chesterfield,MO,47864,38.66311,-90.57707,2,4.178505766337958e-05
960,Painesville,OH,19776,41.72449,-81.24566,2,0.0001011326860841424
961,Brookings,SD,23657,44.31136,-96.79839,2,8.454157331867947e-05
962,Belfair,WA,3931,47.45065,-122.82737,1,0.0002543881963876876
963,Galt,CA,25303,38.25464,-121.29995,1,3.9521005414377744e-05
964,Seguin,TX,27864,29.56884,-97.96473,1,3.588860178007465e-05
965,Los Chavez,NM,5446,34.72571,-106.75726,5,0.000918105031215571
966,Shawnee,KS,65046,39.04167,-94.72024,1,1.537373551025428e-05
967,Oxnard,CA,207254,34.1975,-119.17705,2,9.649994692502919e-06
968,Westbrook,ME,17978,43.67703,-70.37116,1,5.5623539882078096e-05
969,Norwich,CT,39899,41.52426,-72.07591,1,2.5063284794105115e-05
970,Hubbard,OR,3299,45.18234,-122.80787,2,0.0006062443164595332
971,Portland,CT,5862,41.57288,-72.64065,5,0.0008529512111907199
972,Bainbridge Island,WA,23840,47.62621,-122.52124,1,4.194630872483221e-05
973,Porter Heights,TX,1653,30.15188,-95.32188,1,0.0006049606775559589
974,Williamsburg,VA,15052,37.2707,-76.70746,1,6.643635397289396e-05
975,Bertram,TX,1390,30.7438,-98.05558,1,0.0007194244604316547
976,Corsicana,TX,23952,32.09543,-96.46887,1,4.1750167000668006e-05
977,Gadsden,AL,36084,34.01434,-86.00639,1,2.771311384547168e-05
978,Westerville,OH,38384,40.12617,-82.92907,1,2.6052521884118383e-05
979,Tifton,GA,16725,31.45046,-83.5085,1,5.979073243647235e-05
980,Cheektowaga,NY,75178,42.90339,-78.75475,1,1.330176381388172e-05
981,Longview,WA,36848,46.13817,-122.93817,1,2.713851498046027e-05
982,Avon Lake,OH,23453,41.50532,-82.0282,1,4.263846842621413e-05
983,Huntersville,NC,52704,35.41069,-80.84285,2,3.7947783849423196e-05
984,Surfside Beach,SC,4280,33.606,-78.97309,1,0.00023364485981308412
985,Anchor Point,AK,1930,59.77667,-151.83139,1,0.0005181347150259067
986,Ellensburg,WA,19001,46.99651,-120.54785,1,5.2628809010052104e-05
987,Lancaster,CA,161103,34.69804,-118.13674,1,6.207209052593683e-06
988,Londonderry,NH,11037,42.86509,-71.37395,1,9.06043308870164e-05
989,Castle Rock,CO,55591,39.37221,-104.85609,1,1.7988523322120486e-05
990,Cedar Hills,UT,10265,40.41412,-111.75854,2,0.0001948368241597662
991,Albia,IA,3829,41.02667,-92.80575,1,0.00026116479498563595
992,Van Nuys,CA,136443,34.18667,-118.44897,1,7.3290678158645e-06
993,Traverse City,MI,15218,44.76306,-85.62063,1,6.57116572479958e-05
994,Toppenish,WA,8995,46.37735,-120.30867,3,0.00033351862145636465
995,Tonawanda,NY,14907,43.02033,-78.88031,1,6.708257865432348e-05
996,Southfield,MI,73156,42.47337,-83.22187,1,1.366941877631363e-05
997,Superior,WI,26579,46.72077,-92.10408,1,3.76236878738854e-05
998,Pearisburg,VA,2678,37.32673,-80.73702,1,0.0003734129947722181
999,Farmington,NM,42871,36.72806,-108.21869,1,2.3325791327470786e-05
1000,Paris,TX,24782,33.66094,-95.55551,1,4.03518682915019e-05
1001,Morgan Hill,CA,42948,37.1305,-121.65439,3,6.985191394244202e-05
1002,South Bend,IN,101516,41.68338,-86.25001,2,1.9701327869498403e-05
1003,Butte,MT,34190,46.00382,-112.53474,2,5.8496636443404506e-05
1004,Devils Lake,ND,7351,48.11278,-98.86512,1,0.00013603591348115902
1005,Cookeville,TN,32113,36.16284,-85.50164,1,3.114003674524336e-05
1006,Palmyra,VA,104,37.86097,-78.26334,1,0.009615384615384616
1007,El Dorado Hills,CA,42108,38.68574,-121.08217,1,2.374845635033723e-05
1008,Newington,CT,30562,41.69788,-72.72371,2,6.54407434068451e-05
1009,Cortland,NY,18907,42.60118,-76.18048,1,5.2890463849367956e-05
1010,Niceville,FL,14714,30.51686,-86.48217,3,0.00020388745412532283
1011,Palmer,AK,6788,61.59941,-149.11456,2,0.0002946375957572186
1012,Casper,WY,60285,42.86663,-106.31308,1,1.658787426391308e-05
1013,Maple Grove,MN,68385,45.07246,-93.45579,1,1.4623089858887182e-05
1014,Juneau,AK,32756,58.30194,-134.41972,1,3.0528758090120894e-05
1015,New Bedford,MA,94958,41.63622,-70.93421,2,2.1061943174877314e-05
1016,La Quinta,CA,40476,33.66336,-116.31001,6,0.00014823599169878446
1017,North Wales,PA,3250,40.21094,-75.27823,1,0.0003076923076923077
1018,Harlan,KY,1639,36.84314,-83.32185,2,0.0012202562538133007
1019,Truth or Consequences,NM,6079,33.1284,-107.25281,1,0.00016450074025333114
1020,Palm Bay,FL,107888,28.03446,-80.58866,1,9.26887142221563e-06
1021,Portsmouth,RI,17756,41.60232,-71.25033,1,5.6318990763685515e-05
1022,Yonkers,NY,201116,40.93121,-73.89875,1,4.972254818114919e-06
1023,Huntington,NY,18046,40.86815,-73.42568,1,5.54139421478444e-05
1024,Plainfield,IL,42527,41.62697,-88.20395,1,2.351447315822889e-05
1025,Bisbee,AZ,5208,31.44815,-109.92841,1,0.00019201228878648233
1026,Bristol,TN,26666,36.59511,-82.18874,2,7.500187504687617e-05
1027,London,KY,8126,37.12898,-84.08326,1,0.00012306177701206005
1028,Lexington,VA,7262,37.78402,-79.44282,1,0.00013770311209033325
1029,Costa Mesa,CA,113204,33.64113,-117.91867,1,8.833610119783754e-06
1030,West,TX,2883,31.80238,-97.09167,1,0.000346860908775581
1031,Hilo,HI,43263,19.72991,-155.09073,2,4.622887918082426e-05
1032,Lakewood,WA,59829,47.17176,-122.51846,1,1.6714302428588143e-05
1033,Hebron,NE,1543,40.16639,-97.58588,9,0.005832793259883344
1034,Russellville,AR,29166,35.27842,-93.13379,1,3.428649797709662e-05
1035,McLean,VA,48115,38.93428,-77.17748,1,2.078353943676608e-05
1036,Huntington Beach,CA,201899,33.6603,-117.99923,3,1.485891460581776e-05
1037,Long Neck,DE,1980,38.62011,-75.15074,1,0.000505050505050505
1038,Zanesville,OH,25498,39.94035,-82.01319,1,3.92187622558632e-05
1039,South Lyon,MI,11722,42.46059,-83.65161,1,8.530967411704488e-05
1040,Miramar,FL,137132,25.98731,-80.23227,1,7.292243969314237e-06
1041,North Charleston,SC,108304,32.85462,-79.97481,1,9.233269315999409e-06
1042,Washougal,WA,15288,45.58262,-122.35342,1,6.541077969649399e-05
1043,Dublin,CA,57721,37.70215,-121.93579,3,5.1974151521976404e-05
1044,Pukalani,HI,7574,20.83667,-156.33667,1,0.0001320306311064167
1045,Whitesburg,KY,2006,37.11843,-82.82683,1,0.0004985044865403788
1046,Chico,CA,90316,39.72849,-121.83748,1,1.1072235262854865e-05
1047,Beltsville,MD,16772,39.03483,-76.90747,1,5.9623181492964464e-05
1048,Pembroke Pines,FL,166611,26.00315,-80.22394,1,6.002004669559633e-06
1049,Melbourne Beach,FL,3219,28.06835,-80.56033,1,0.00031065548306927616
1050,Conway,AR,64980,35.0887,-92.4421,5,7.694675284702985e-05
1051,Roseville,CA,130269,38.75212,-121.28801,1,7.676423400809095e-06
1052,Bedford,NH,21188,42.94647,-71.5159,1,4.7196526335661694e-05
1053,Ripon,CA,15151,37.74159,-121.12438,1,6.60022440762986e-05
1054,Grapevine,TX,51404,32.93429,-97.07807,1,1.945373900863746e-05
1055,Avondale Estates,GA,3139,33.77149,-84.26714,1,0.00031857279388340236
1056,Waldorf,MD,67752,38.62456,-76.93914,1,1.47597118904239e-05
1057,Farrell,PA,4792,41.21228,-80.49674,1,0.00020868113522537563
1058,Jefferson,WI,7941,43.00556,-88.80733,1,0.0001259287243420224
1059,Wheeling,WV,27648,40.06396,-80.72091,1,3.616898148148148e-05
1060,Attleboro,MA,44284,41.94454,-71.28561,1,2.258151928461747e-05
1061,El Cerrito,CA,23549,37.91576,-122.31164,1,4.2464648180389826e-05
1062,Ashley,PA,2726,41.21036,-75.89659,1,0.00036683785766691124
1063,University Place,WA,32842,47.23565,-122.5504,1,3.044881554107545e-05
1064,Middlesboro,KY,10730,36.60842,-83.71658,1,9.319664492078285e-05
1065,Sammamish,WA,52253,47.64177,-122.0804,2,3.827531433601899e-05
1066,Wheatland,WY,3659,42.05407,-104.95295,1,0.00027329871549603714
1067,Augusta,GA,43459,33.47097,-81.97484,1,2.3010193515727468e-05
1068,Maplewood,MO,7945,38.61255,-90.32456,1,0.00012586532410320956
1069,Chagrin Falls,OH,4021,41.43616,-81.3865,1,0.0002486943546381497
1070,Miami Lakes,FL,30972,25.90871,-80.30866,1,3.228722717293039e-05
1071,Anaheim,CA,350742,33.83529,-117.9145,2,5.702197056525879e-06
1072,Ada,OK,17303,34.77453,-96.67834,1,5.779344622319829e-05
1073,Winchester,VA,27284,39.18566,-78.16333,1,3.6651517372819234e-05
1074,Anniston,AL,22347,33.65983,-85.83163,3,0.00013424620754463686
1075,Dublin,OH,45098,40.09923,-83.11408,1,2.2173932325158542e-05
1076,Wilsonville,OR,22729,45.29984,-122.77371,1,4.399665625412469e-05
1077,Englewood,FL,14863,26.96201,-82.3526,1,6.728116800107649e-05
1078,The Bronx,NY,1385108,40.84985,-73.86641,1,7.219653629897452e-07
1079,Concord,CA,128667,37.97798,-122.03107,1,7.772000590672045e-06
1080,El Segundo,CA,17037,33.91918,-118.41647,1,5.869577977343429e-05
1081,Torrance,CA,148475,33.83585,-118.34063,1,6.735140596059942e-06
1082,Oneonta,NY,13862,42.45286,-75.06377,1,7.213966238638003e-05
1083,Berlin,MD,4529,38.32262,-75.21769,1,0.00022079929344226098
1084,Closter,NJ,8662,40.97315,-73.96153,1,0.00011544677903486493
1085,College Park,MD,32301,38.98067,-76.93692,1,3.0958793845391784e-05
1086,Windsor,CT,28778,41.8526,-72.6437,2,6.949753283758427e-05
1087,Davenport,IA,102582,41.52364,-90.57764,2,1.949659784367628e-05
1088,Zionsville,IN,26296,39.95087,-86.26194,1,3.8028597505324e-05
1089,Jenks,OK,20740,36.02287,-95.96833,1,4.8216007714561236e-05
1090,Mountainside,NJ,6885,40.67232,-74.35737,1,0.00014524328249818446
1091,Citrus Heights,CA,87056,38.70712,-121.28106,1,1.1486859033265943e-05
1092,Kent,OH,29810,41.15367,-81.35789,1,3.354579000335458e-05
1093,Gloucester,MA,29781,42.61593,-70.66199,2,6.715691212518049e-05
1094,Yardley,PA,2441,40.24566,-74.846,1,0.00040966816878328555
1095,Southlake,TX,29941,32.94124,-97.13418,1,3.339901806886878e-05
1096,Shelton,CT,41296,41.31649,-73.09316,1,2.4215420379697792e-05
1097,Marblehead,MA,19808,42.5001,-70.85783,1,5.0484652665589664e-05
1098,Kailua-Kona,HI,11975,19.64016,-155.99912,1,8.350730688935282e-05
1099,Olmsted Falls,OH,8889,41.37505,-81.90819,1,0.0001124985937675779
1100,Compton,CA,98462,33.89585,-118.22007,1,1.0156202392801283e-05
1101,Malden,MA,61068,42.4251,-71.06616,1,1.6375188314665617e-05
1102,Cypress,TX,46025,29.96911,-95.69717,1,2.1727322107550245e-05
1103,Liverpool,NY,2294,43.10646,-76.2177,1,0.00043591979075850045
1104,Saratoga Springs,NY,27765,43.08313,-73.78457,1,3.6016567621105706e-05
1105,Clemson,SC,15446,34.68344,-82.83737,1,6.474168069403081e-05
1106,Linglestown,PA,6334,40.33398,-76.78914,2,0.00031575623618566466
1107,Huber Heights,OH,38176,39.84395,-84.12466,1,2.619446772841576e-05
1108,Montague,MA,8637,42.53564,-72.53509,1,0.0001157809424568716
1109,Parsippany,NJ,51144,40.85788,-74.42599,1,1.9552635695291727e-05
1110,Carrollton,GA,26203,33.58011,-85.07661,1,3.816356905697821e-05
1111,Fountain Hills,AZ,23899,33.61171,-111.71736,1,4.184275492698439e-05
1112,Pagosa Springs,CO,1756,37.26945,-107.00976,1,0.0005694760820045558
1113,Worcester,MA,184815,42.26259,-71.80229,1,5.4108162216270325e-06
1114,Boynton Beach,FL,73966,26.52535,-80.06643,1,1.3519725279182327e-05
1115,Larkspur,CA,12417,37.93409,-122.53525,1,8.053475074494645e-05
1116,Houma,LA,34287,29.59577,-90.71953,1,2.9165572957680754e-05
1117,Racine,WI,77742,42.72613,-87.78285,1,1.286305986468061e-05
1118,Fair Lawn,NJ,33597,40.94038,-74.13181,1,2.97645623121112e-05
1119,Beverly Hills,CA,34869,34.07362,-118.40036,1,2.8678769107229918e-05
1120,Corning,NY,10897,42.14285,-77.05469,1,9.176837661741764e-05
1121,Kettering,OH,55525,39.6895,-84.16883,1,1.80099054479964e-05
1122,Park Hills,KY,3007,39.07145,-84.53217,1,0.0003325573661456601
1123,Hendersonville,TN,56018,36.30477,-86.62,1,1.785140490556607e-05
1124,Wauwatosa,WI,47614,43.04946,-88.00759,1,2.1002226235981016e-05
1125,Bartonville,IL,6382,40.65032,-89.65205,1,0.00015669069257286117
1126,Woodland Hills,CA,70000,34.16834,-118.60592,1,1.4285714285714285e-05
1127,Charles City,IA,7455,43.06636,-92.67241,1,0.0001341381623071764
1128,Tiffin,OH,17687,41.1145,-83.17797,1,5.653870074065698e-05
1129,Elmhurst,IL,45957,41.89947,-87.94034,1,2.175947080966991e-05
1130,Valparaiso,IN,32626,41.47309,-87.06114,2,6.130080304051984e-05
1131,Rockville,MD,66980,39.084,-77.15276,2,2.985965959988056e-05
1132,Springfield,OH,59680,39.92423,-83.80882,1,1.675603217158177e-05
1133,North Amherst,MA,6819,42.41037,-72.53092,1,0.00014664906877841325
1134,Canton,MA,21679,42.15843,-71.14477,1,4.6127588910927627e-05
1135,Westminster,SC,2484,34.66482,-83.09654,1,0.00040257648953301127
1136,Hialeah,FL,237069,25.8576,-80.27811,1,4.218181204628188e-06
1137,Council Bluffs,IA,62597,41.26194,-95.86083,1,1.5975206479543748e-05
1138,Culver,IN,1396,41.21893,-86.42306,1,0.0007163323782234957
1139,New Albany,IN,36732,38.28562,-85.82413,1,2.7224218664924318e-05
1140,Hatfield,PA,3306,40.27983,-75.29934,1,0.00030248033877797946
1141,Mauston,WI,4374,43.79719,-90.07735,1,0.00022862368541380886
1142,Kentwood,MI,51357,42.86947,-85.64475,1,1.947154234086882e-05
1143,Mount Sterling,KY,7208,38.05647,-83.94326,1,0.00013873473917869035
1144,Pikesville,MD,30764,39.37427,-76.72247,1,3.25055259394097e-05
1145,Royal Oak,MI,59008,42.48948,-83.14465,1,1.6946854663774404e-05
1146,Stillwater,MN,18924,45.05636,-92.80604,1,5.28429507503699e-05
1147,Massapequa,NY,21685,40.68066,-73.47429,1,4.6114825916532166e-05
1148,Hope,AR,9891,33.66706,-93.59157,1,0.00010110201193003741
1149,Diboll,TX,5400,31.18713,-94.78104,1,0.00018518518518518518
1150,Libertyville,IL,20436,42.28308,-87.95313,3,0.0001467997651203758
1151,Evanston,IL,75527,42.04114,-87.69006,1,1.3240298171514823e-05
1152,Fairfield,CT,59052,41.14121,-73.26373,1,1.693422746054325e-05
1153,Brookfield,IL,18944,41.82392,-87.85173,1,5.2787162162162165e-05
1154,Plano,TX,283558,33.01984,-96.69889,1,3.5266153661684735e-06
1155,West Branch,IA,2337,41.67141,-91.34655,1,0.0004278990158322636
1156,Gainesville,GA,38712,34.29788,-83.82407,1,2.5831783426327755e-05
1157,Rensselaer,NY,9433,42.64258,-73.7429,1,0.0001060108131029365
1158,Copiague,NY,22993,40.68149,-73.39984,1,4.34914974122559e-05
1159,Waterloo,IA,68460,42.49276,-92.34296,1,1.4607069821793749e-05
1160,Gordo,AL,1687,33.32012,-87.9028,1,0.0005927682276229994
1161,Bonita Springs,FL,51704,26.33981,-81.7787,1,1.934086337614111e-05
1162,Granite,UT,1932,40.573,-111.80604,1,0.0005175983436853002
1163,Salinas,CA,157380,36.67774,-121.6555,1,6.354047528275511e-06
1164,Bradenton,FL,54437,27.49893,-82.57482,2,3.673971747157264e-05
1165,Baytown,TX,76335,29.7355,-94.97743,1,1.3100150651732495e-05
1166,Boca Raton,FL,93235,26.35869,-80.0831,1,1.0725585885128976e-05
1167,Portage,MI,48177,42.20115,-85.58,1,2.0756792660398117e-05
1168,Terre Haute,IN,60825,39.4667,-87.41391,1,1.6440608302507194e-05
1169,Many,LA,2790,31.56878,-93.48406,1,0.00035842293906810036
1170,Bayside,WI,4419,43.18056,-87.90064,1,0.00022629554197782303
1171,Highland Park,TX,9189,32.83346,-96.79195,1,0.00010882576994232234
1172,La Mesa,CA,60089,32.76783,-117.02308,1,1.664198106142555e-05
1173,Keene,NH,23265,42.93369,-72.27814,1,4.298302170642596e-05
1174,Somonauk,IL,1877,41.63364,-88.68119,2,0.0010655301012253596
1175,Placentia,CA,52495,33.87224,-117.87034,1,1.9049433279359938e-05
1176,Effort,PA,2269,40.93926,-75.43491,1,0.00044072278536800354
1177,Modesto,CA,211266,37.6391,-120.99688,1,4.733369306940066e-06
1178,Vero Beach,FL,16358,27.63864,-80.39727,1,6.113216774666829e-05
1179,Philadelphia,NY,1223,44.1545,-75.70882,2,0.001635322976287817
1180,Woodside,CA,5561,37.42994,-122.25386,2,0.0003596475454055026
1181,Nevada City,CA,3152,39.26173,-121.01779,1,0.00031725888324873094
1182,Newark,NJ,281944,40.73566,-74.17237,1,3.5468036205771357e-06
1183,Penn Hills,PA,44610,40.50118,-79.83922,1,2.2416498542927596e-05
1184,Vernon,NY,1157,43.07951,-75.53934,1,0.000864304235090752
1185,Chevy Chase,MD,9545,39.00287,-77.07115,1,0.00010476689366160294
1186,San Pedro,CA,78405,33.73585,-118.29229,1,1.2754288629551686e-05
1187,Choctaw Lake,OH,1546,39.96006,-83.48492,1,0.000646830530401035
1188,West Covina,CA,108484,34.06862,-117.93895,1,9.217949190664061e-06
1189,West Linn,OR,26593,45.36568,-122.61231,1,3.760388072049036e-05
1190,Milwaukie,OR,20830,45.44623,-122.63926,1,4.800768122899664e-05
1191,Hingham,MA,5650,42.24177,-70.88977,1,0.00017699115044247788
1192,Winchester,KY,18446,37.99008,-84.17965,1,5.421229534858506e-05
1193,Bastrop,TX,8231,30.11049,-97.31527,1,0.00012149192078726765
1194,Stow,MA,6005,42.43704,-71.50562,1,0.00016652789342214822
1195,McKinleyville,CA,15177,40.94652,-124.10062,3,0.000197667523225934
1196,Glendale,AZ,240126,33.53865,-112.18599,1,4.164480314501554e-06
1197,Fellsmere,FL,5514,27.76781,-80.60144,1,0.00018135654697134566
1198,Trenton,NJ,84225,40.21705,-74.74294,1,1.1872959335114277e-05
1199,Marshfield,WI,18620,44.66885,-90.1718,1,5.3705692803437166e-05
1200,Spring Hill,FL,98621,28.47688,-82.52546,1,1.0139828231309762e-05
1201,Richland,WA,54248,46.28569,-119.28446,1,1.8433859312785724e-05
1202,Warwick,NY,6823,41.25648,-74.35988,1,0.0001465630954125751
1203,Larchmont,NY,6132,40.92788,-73.7518,1,0.00016307893020221786
1204,Antioch,IL,14329,42.47724,-88.09564,1,6.978854072161351e-05
1205,Como,MS,1245,34.51066,-89.93981,1,0.0008032128514056225
1206,Coral Springs,FL,129485,26.27119,-80.2706,1,7.722902266671815e-06
1207,Sunnyvale,CA,151754,37.36883,-122.03635,1,6.589612135429708e-06
1208,Norwalk,CT,88485,41.1176,-73.4079,1,1.1301350511386111e-05
1209,Pennington,NJ,2598,40.32844,-74.79072,1,0.00038491147036181676
1210,South Boston,MA,571281,42.33343,-71.04949,1,1.7504520542430082e-06
1211,North Palm Beach,FL,12015,26.81756,-80.08199,1,8.322929671244278e-05
1212,Falls Church,VA,13892,38.88233,-77.17109,1,7.198387561186294e-05
1213,Tooele,UT,33157,40.53078,-112.29828,2,6.0319087975389814e-05
1214,Ranchos de Taos,NM,2518,36.35864,-105.60946,1,0.0003971405877680699
1215,Bedford Hills,NY,3001,41.23676,-73.69458,1,0.0003332222592469177
1216,Acworth,GA,22131,34.06635,-84.67837,1,4.518548642176133e-05
1217,La Puente,CA,40745,34.02001,-117.94951,1,2.4542888697999756e-05
1218,Makakilo,HI,18248,21.35237,-158.08655,2,0.00010960105217010084
1219,South Saint Paul,MN,20160,44.89274,-93.03494,1,4.96031746031746e-05
